2025-03-12 14:43:23,659 [Worker-7: Loading available Gradle versions] INFO  o.e.b.c.i.u.g.PublishedGradleVersions - Gradle version information cache is out-of-date. Trying to update.
2025-03-12 14:43:27,166 [Worker-6: Decoration Calculation] ERROR o.e.m.c.i.p.r.ProjectRegistryReader - Can't read workspace state
java.io.InvalidClassException: org.eclipse.m2e.core.internal.project.registry.VersionlessKey; local class incompatible: stream classdesc serialVersionUID = 0, local class serialVersionUID = 2125977578206347429
	at java.base/java.io.ObjectStreamClass.initNonProxy(ObjectStreamClass.java:604)
	at java.base/java.io.ObjectInputStream.readNonProxyDesc(ObjectInputStream.java:2072)
	at java.base/java.io.ObjectInputStream.readClassDesc(ObjectInputStream.java:1915)
	at java.base/java.io.ObjectInputStream.readOrdinaryObject(ObjectInputStream.java:2246)
	at java.base/java.io.ObjectInputStream.readObject0(ObjectInputStream.java:1750)
	at java.base/java.io.ObjectInputStream$FieldValues.<init>(ObjectInputStream.java:2625)
	at java.base/java.io.ObjectInputStream.readSerialData(ObjectInputStream.java:2472)
	at java.base/java.io.ObjectInputStream.readOrdinaryObject(ObjectInputStream.java:2278)
	at java.base/java.io.ObjectInputStream.readObject0(ObjectInputStream.java:1750)
	at java.base/java.io.ObjectInputStream.readObject(ObjectInputStream.java:528)
	at java.base/java.io.ObjectInputStream.readObject(ObjectInputStream.java:486)
	at java.base/java.util.HashSet.readObject(HashSet.java:354)
	at java.base/jdk.internal.reflect.DirectMethodHandleAccessor.invoke(DirectMethodHandleAccessor.java:103)
	at java.base/java.lang.reflect.Method.invoke(Method.java:580)
	at java.base/java.io.ObjectStreamClass.invokeReadObject(ObjectStreamClass.java:1114)
	at java.base/java.io.ObjectInputStream.readSerialData(ObjectInputStream.java:2447)
	at java.base/java.io.ObjectInputStream.readOrdinaryObject(ObjectInputStream.java:2278)
	at java.base/java.io.ObjectInputStream.readObject0(ObjectInputStream.java:1750)
	at java.base/java.io.ObjectInputStream.readObject(ObjectInputStream.java:528)
	at java.base/java.io.ObjectInputStream.readObject(ObjectInputStream.java:486)
	at java.base/java.util.HashMap.readObject(HashMap.java:1561)
	at java.base/jdk.internal.reflect.DirectMethodHandleAccessor.invoke(DirectMethodHandleAccessor.java:103)
	at java.base/java.lang.reflect.Method.invoke(Method.java:580)
	at java.base/java.io.ObjectStreamClass.invokeReadObject(ObjectStreamClass.java:1114)
	at java.base/java.io.ObjectInputStream.readSerialData(ObjectInputStream.java:2447)
	at java.base/java.io.ObjectInputStream.readOrdinaryObject(ObjectInputStream.java:2278)
	at java.base/java.io.ObjectInputStream.readObject0(ObjectInputStream.java:1750)
	at java.base/java.io.ObjectInputStream$FieldValues.<init>(ObjectInputStream.java:2625)
	at java.base/java.io.ObjectInputStream.readSerialData(ObjectInputStream.java:2472)
	at java.base/java.io.ObjectInputStream.readOrdinaryObject(ObjectInputStream.java:2278)
	at java.base/java.io.ObjectInputStream.readObject0(ObjectInputStream.java:1750)
	at java.base/java.io.ObjectInputStream.readObject(ObjectInputStream.java:528)
	at java.base/java.io.ObjectInputStream.readObject(ObjectInputStream.java:486)
	at org.eclipse.m2e.core.internal.project.registry.ProjectRegistryReader.readWorkspaceState(ProjectRegistryReader.java:103)
	at org.eclipse.m2e.core.internal.project.registry.ProjectRegistryManager.<init>(ProjectRegistryManager.java:182)
	at org.eclipse.m2e.core.internal.MavenPluginActivator.start(MavenPluginActivator.java:221)
	at org.eclipse.osgi.internal.framework.BundleContextImpl.lambda$2(BundleContextImpl.java:808)
	at java.base/java.security.AccessController.doPrivileged(AccessController.java:571)
	at org.eclipse.osgi.internal.framework.BundleContextImpl.startActivator(BundleContextImpl.java:802)
	at org.eclipse.osgi.internal.framework.BundleContextImpl.start(BundleContextImpl.java:759)
	at org.eclipse.osgi.internal.framework.EquinoxBundle.startWorker0(EquinoxBundle.java:1019)
	at org.eclipse.osgi.internal.framework.EquinoxBundle$EquinoxModule.startWorker(EquinoxBundle.java:365)
	at org.eclipse.osgi.container.Module.doStart(Module.java:605)
	at org.eclipse.osgi.container.Module.start(Module.java:468)
	at org.eclipse.osgi.framework.util.SecureAction.start(SecureAction.java:404)
	at org.eclipse.osgi.internal.hooks.EclipseLazyStarter.postFindLocalClass(EclipseLazyStarter.java:117)
	at org.eclipse.osgi.internal.loader.classpath.ClasspathManager.findLocalClass(ClasspathManager.java:572)
	at org.eclipse.osgi.internal.loader.ModuleClassLoader.findLocalClass(ModuleClassLoader.java:345)
	at org.eclipse.osgi.internal.loader.BundleLoader.findLocalClass(BundleLoader.java:388)
	at org.eclipse.osgi.internal.loader.sources.SingleSourcePackage.loadClass(SingleSourcePackage.java:41)
	at org.eclipse.osgi.internal.loader.BundleLoader.findClass(BundleLoader.java:463)
	at org.eclipse.osgi.internal.loader.ModuleClassLoader.loadClass(ModuleClassLoader.java:170)
	at java.base/java.lang.ClassLoader.loadClass(ClassLoader.java:528)
	at java.base/java.lang.Class.getDeclaredConstructors0(Native Method)
	at java.base/java.lang.Class.privateGetDeclaredConstructors(Class.java:3621)
	at java.base/java.lang.Class.getConstructor0(Class.java:3826)
	at java.base/java.lang.Class.getConstructor(Class.java:2501)
	at org.eclipse.osgi.internal.framework.BundleContextImpl.loadBundleActivator(BundleContextImpl.java:793)
	at org.eclipse.osgi.internal.framework.BundleContextImpl.start(BundleContextImpl.java:745)
	at org.eclipse.osgi.internal.framework.EquinoxBundle.startWorker0(EquinoxBundle.java:1019)
	at org.eclipse.osgi.internal.framework.EquinoxBundle$EquinoxModule.startWorker(EquinoxBundle.java:365)
	at org.eclipse.osgi.container.Module.doStart(Module.java:605)
	at org.eclipse.osgi.container.Module.start(Module.java:468)
	at org.eclipse.osgi.framework.util.SecureAction.start(SecureAction.java:404)
	at org.eclipse.osgi.internal.hooks.EclipseLazyStarter.postFindLocalClass(EclipseLazyStarter.java:117)
	at org.eclipse.osgi.internal.loader.classpath.ClasspathManager.findLocalClass(ClasspathManager.java:572)
	at org.eclipse.osgi.internal.loader.ModuleClassLoader.findLocalClass(ModuleClassLoader.java:345)
	at org.eclipse.osgi.internal.loader.BundleLoader.findLocalClass(BundleLoader.java:388)
	at org.eclipse.osgi.internal.loader.BundleLoader.findClass(BundleLoader.java:467)
	at org.eclipse.osgi.internal.loader.ModuleClassLoader.loadClass(ModuleClassLoader.java:170)
	at java.base/java.lang.ClassLoader.loadClass(ClassLoader.java:528)
	at org.eclipse.osgi.internal.framework.EquinoxBundle.loadClass(EquinoxBundle.java:616)
	at org.eclipse.core.internal.registry.osgi.RegistryStrategyOSGI.createExecutableExtension(RegistryStrategyOSGI.java:196)
	at org.eclipse.core.internal.registry.ExtensionRegistry.createExecutableExtension(ExtensionRegistry.java:920)
	at org.eclipse.core.internal.registry.ConfigurationElement.createExecutableExtension(ConfigurationElement.java:246)
	at org.eclipse.core.internal.registry.ConfigurationElementHandle.createExecutableExtension(ConfigurationElementHandle.java:63)
	at org.eclipse.jdt.core.JavaCore.computeClasspathContainerInitializer(JavaCore.java:3824)
	at org.eclipse.jdt.core.JavaCore.getClasspathContainerInitializer(JavaCore.java:3800)
	at org.eclipse.jdt.internal.core.JavaModelManager.initializeContainer(JavaModelManager.java:3125)
	at org.eclipse.jdt.internal.core.JavaModelManager.getClasspathContainer(JavaModelManager.java:2092)
	at org.eclipse.jdt.internal.core.ClasspathEntry.validateClasspathEntry(ClasspathEntry.java:2223)
	at org.eclipse.jdt.internal.core.ClasspathEntry.validateClasspathEntry(ClasspathEntry.java:2174)
	at org.eclipse.jdt.internal.core.ClasspathValidation.validate(ClasspathValidation.java:75)
	at org.eclipse.jdt.internal.core.ChangeClasspathOperation.classpathChanged(ChangeClasspathOperation.java:55)
	at org.eclipse.jdt.internal.core.SetContainerOperation.executeOperation(SetContainerOperation.java:117)
	at org.eclipse.jdt.internal.core.JavaModelOperation.run(JavaModelOperation.java:740)
	at org.eclipse.core.internal.resources.Workspace.run(Workspace.java:2313)
	at org.eclipse.core.internal.resources.Workspace.run(Workspace.java:2338)
	at org.eclipse.jdt.internal.core.JavaModelOperation.runOperation(JavaModelOperation.java:811)
	at org.eclipse.jdt.internal.core.JavaModelManager.getClasspathContainer(JavaModelManager.java:2095)
	at org.eclipse.jdt.core.JavaCore.getClasspathContainer(JavaCore.java:3777)
	at org.eclipse.jdt.internal.core.JavaProject.resolveClasspath(JavaProject.java:3243)
	at org.eclipse.jdt.internal.core.JavaProject.resolveClasspath(JavaProject.java:3407)
	at org.eclipse.jdt.internal.core.JavaProject.getResolvedClasspath(JavaProject.java:2491)
	at org.eclipse.jdt.internal.core.JavaProject.isOnClasspath(JavaProject.java:2778)
	at org.eclipse.jdt.internal.ui.BuildpathIndicatorLabelDecorator.getOverlay(BuildpathIndicatorLabelDecorator.java:49)
	at org.eclipse.jdt.internal.ui.BuildpathIndicatorLabelDecorator.decorate(BuildpathIndicatorLabelDecorator.java:35)
	at org.eclipse.ui.internal.decorators.LightweightDecoratorDefinition.decorate(LightweightDecoratorDefinition.java:251)
	at org.eclipse.ui.internal.decorators.LightweightDecoratorManager$LightweightRunnable.run(LightweightDecoratorManager.java:105)
	at org.eclipse.core.runtime.SafeRunner.run(SafeRunner.java:45)
	at org.eclipse.ui.internal.decorators.LightweightDecoratorManager.decorate(LightweightDecoratorManager.java:360)
	at org.eclipse.ui.internal.decorators.LightweightDecoratorManager.getDecorations(LightweightDecoratorManager.java:346)
	at org.eclipse.ui.internal.decorators.DecorationScheduler$1.ensureResultCached(DecorationScheduler.java:412)
	at org.eclipse.ui.internal.decorators.DecorationScheduler$1.run(DecorationScheduler.java:388)
	at org.eclipse.core.internal.jobs.Worker.run(Worker.java:63)
2025-03-12 14:43:31,646 [Worker-8: Updating Maven Dependencies] INFO  o.e.m.c.i.l.LifecycleMappingFactory - Using org.maven.ide.eclipse.wtp.WarLifecycleMapping lifecycle mapping for MavenProject: com.my:shoeshpere:0.0.1-SNAPSHOT @ E:\dwit\appdev\pjworkspace\shoesphere\pom.xml.
2025-03-12 14:43:31,927 [Worker-8: Updating Maven Dependencies] INFO  o.e.m.c.i.l.LifecycleMappingFactory - Using org.maven.ide.eclipse.wtp.WarLifecycleMapping lifecycle mapping for MavenProject: com.my:mergeproject:0.0.1-SNAPSHOT @ E:\dwit\appdev\pjworkspace\mergeproject\pom.xml.
2025-03-12 14:43:51,776 [Worker-0: Building] WARN  o.e.m.c.i.embedder.EclipseLogger - Using platform encoding (UTF-8 actually) to copy filtered resources, i.e. build is platform dependent!
2025-03-12 14:43:51,785 [Worker-0: Building] INFO  o.e.m.c.i.embedder.EclipseLogger - Copying 0 resource
2025-03-12 14:43:51,788 [Worker-0: Building] WARN  o.e.m.c.i.embedder.EclipseLogger - Using platform encoding (UTF-8 actually) to copy filtered resources, i.e. build is platform dependent!
2025-03-12 14:43:51,790 [Worker-0: Building] INFO  o.e.m.c.i.embedder.EclipseLogger - Copying 0 resource
2025-03-12 14:43:57,530 [Worker-1: Building] WARN  o.e.m.c.i.embedder.EclipseLogger - Using platform encoding (UTF-8 actually) to copy filtered resources, i.e. build is platform dependent!
2025-03-12 14:43:57,534 [Worker-1: Building] INFO  o.e.m.c.i.embedder.EclipseLogger - skip non existing resourceDirectory E:\dwit\appdev\pjworkspace\shoesphere\src\main\resources
2025-03-12 14:43:57,536 [Worker-1: Building] WARN  o.e.m.c.i.embedder.EclipseLogger - Using platform encoding (UTF-8 actually) to copy filtered resources, i.e. build is platform dependent!
2025-03-12 14:43:57,537 [Worker-1: Building] INFO  o.e.m.c.i.embedder.EclipseLogger - skip non existing resourceDirectory E:\dwit\appdev\pjworkspace\shoesphere\src\test\resources
2025-03-12 14:44:10,827 [Worker-10: Cleaning selected projects] INFO  o.e.m.w.i.f.ResourceFilteringBuildParticipant - Cleaning filtered folder for mergeproject
2025-03-12 14:44:11,173 [Worker-12: Building] WARN  o.e.m.c.i.embedder.EclipseLogger - Using platform encoding (UTF-8 actually) to copy filtered resources, i.e. build is platform dependent!
2025-03-12 14:44:11,175 [Worker-12: Building] INFO  o.e.m.c.i.embedder.EclipseLogger - Copying 0 resource
2025-03-12 14:44:11,177 [Worker-12: Building] WARN  o.e.m.c.i.embedder.EclipseLogger - Using platform encoding (UTF-8 actually) to copy filtered resources, i.e. build is platform dependent!
2025-03-12 14:44:11,179 [Worker-12: Building] INFO  o.e.m.c.i.embedder.EclipseLogger - Copying 0 resource
2025-03-12 14:44:11,179 [Worker-12: Building] INFO  o.e.m.w.i.f.ResourceFilteringBuildParticipant - Changed resources require a complete clean of filtered resources of mergeproject
2025-03-12 14:44:11,181 [Worker-12: Building] INFO  o.e.m.w.i.f.ResourceFilteringBuildParticipant - Executing resource filtering for mergeproject
2025-03-12 14:44:11,202 [Worker-12: Building] WARN  o.e.m.c.i.embedder.EclipseLogger - Using platform encoding (UTF-8 actually) to copy filtered resources, i.e. build is platform dependent!
2025-03-12 14:44:24,617 [Worker-13: Updating Maven Project] INFO  o.e.m.c.i.p.ProjectConfigurationManager - Update started
2025-03-12 14:44:24,676 [Worker-13: Updating Maven Project] INFO  o.e.m.c.i.l.LifecycleMappingFactory - Using org.maven.ide.eclipse.wtp.WarLifecycleMapping lifecycle mapping for MavenProject: com.my:mergeproject:0.0.1-SNAPSHOT @ E:\dwit\appdev\pjworkspace\mergeproject\pom.xml.
2025-03-12 14:44:24,968 [Worker-13: Updating Maven Project] INFO  o.e.m.j.i.AbstractJavaProjectConfigurator - Adding source folder /mergeproject/src/main/java
2025-03-12 14:44:24,968 [Worker-13: Updating Maven Project] INFO  o.e.m.j.i.AbstractJavaProjectConfigurator - Adding resource folder /mergeproject/src/main/resources
2025-03-12 14:44:24,969 [Worker-13: Updating Maven Project] INFO  o.e.m.j.i.AbstractJavaProjectConfigurator - Adding source folder /mergeproject/src/test/java
2025-03-12 14:44:24,969 [Worker-13: Updating Maven Project] INFO  o.e.m.j.i.AbstractJavaProjectConfigurator - Adding resource folder /mergeproject/src/test/resources
2025-03-12 14:44:25,514 [Worker-13: Updating Maven Project] INFO  o.e.m.w.i.f.ResourceFilteringBuildParticipant - Cleaning filtered folder for mergeproject
2025-03-12 14:44:25,522 [Worker-13: Updating Maven Project] INFO  o.e.m.c.i.p.ProjectConfigurationManager - Update completed: 0 sec
2025-03-12 14:44:26,556 [Worker-12: Building] WARN  o.e.m.c.i.embedder.EclipseLogger - Using platform encoding (UTF-8 actually) to copy filtered resources, i.e. build is platform dependent!
2025-03-12 14:44:26,561 [Worker-12: Building] INFO  o.e.m.c.i.embedder.EclipseLogger - Copying 0 resource
2025-03-12 14:44:26,563 [Worker-12: Building] WARN  o.e.m.c.i.embedder.EclipseLogger - Using platform encoding (UTF-8 actually) to copy filtered resources, i.e. build is platform dependent!
2025-03-12 14:44:26,565 [Worker-12: Building] INFO  o.e.m.c.i.embedder.EclipseLogger - Copying 0 resource
2025-03-12 14:44:26,565 [Worker-12: Building] INFO  o.e.m.w.i.f.ResourceFilteringBuildParticipant - Changed resources require a complete clean of filtered resources of mergeproject
2025-03-12 14:44:26,565 [Worker-12: Building] INFO  o.e.m.w.i.f.ResourceFilteringBuildParticipant - Executing resource filtering for mergeproject
2025-03-12 14:44:26,577 [Worker-12: Building] WARN  o.e.m.c.i.embedder.EclipseLogger - Using platform encoding (UTF-8 actually) to copy filtered resources, i.e. build is platform dependent!
2025-03-12 14:44:36,437 [Worker-3: Building] WARN  o.e.m.c.i.embedder.EclipseLogger - Using platform encoding (UTF-8 actually) to copy filtered resources, i.e. build is platform dependent!
2025-03-12 14:44:36,443 [Worker-3: Building] INFO  o.e.m.c.i.embedder.EclipseLogger - Copying 0 resource
2025-03-12 14:44:36,444 [Worker-3: Building] WARN  o.e.m.c.i.embedder.EclipseLogger - Using platform encoding (UTF-8 actually) to copy filtered resources, i.e. build is platform dependent!
2025-03-12 14:44:36,445 [Worker-3: Building] INFO  o.e.m.c.i.embedder.EclipseLogger - Copying 0 resource
2025-03-12 14:45:47,998 [Worker-32: Building] WARN  o.e.m.c.i.embedder.EclipseLogger - Using platform encoding (UTF-8 actually) to copy filtered resources, i.e. build is platform dependent!
2025-03-12 14:45:48,000 [Worker-32: Building] INFO  o.e.m.c.i.embedder.EclipseLogger - Copying 0 resource
2025-03-12 14:45:48,001 [Worker-32: Building] WARN  o.e.m.c.i.embedder.EclipseLogger - Using platform encoding (UTF-8 actually) to copy filtered resources, i.e. build is platform dependent!
2025-03-12 14:45:48,002 [Worker-32: Building] INFO  o.e.m.c.i.embedder.EclipseLogger - Copying 0 resource
2025-03-12 14:48:36,157 [Worker-30: Building] WARN  o.e.m.c.i.embedder.EclipseLogger - Using platform encoding (UTF-8 actually) to copy filtered resources, i.e. build is platform dependent!
2025-03-12 14:48:36,162 [Worker-30: Building] INFO  o.e.m.c.i.embedder.EclipseLogger - Copying 0 resource
2025-03-12 14:48:36,164 [Worker-30: Building] WARN  o.e.m.c.i.embedder.EclipseLogger - Using platform encoding (UTF-8 actually) to copy filtered resources, i.e. build is platform dependent!
2025-03-12 14:48:36,166 [Worker-30: Building] INFO  o.e.m.c.i.embedder.EclipseLogger - Copying 0 resource
2025-03-12 14:48:48,736 [Worker-23: Building] WARN  o.e.m.c.i.embedder.EclipseLogger - Using platform encoding (UTF-8 actually) to copy filtered resources, i.e. build is platform dependent!
2025-03-12 14:48:48,741 [Worker-23: Building] INFO  o.e.m.c.i.embedder.EclipseLogger - Copying 0 resource
2025-03-12 14:48:48,743 [Worker-23: Building] WARN  o.e.m.c.i.embedder.EclipseLogger - Using platform encoding (UTF-8 actually) to copy filtered resources, i.e. build is platform dependent!
2025-03-12 14:48:48,744 [Worker-23: Building] INFO  o.e.m.c.i.embedder.EclipseLogger - Copying 0 resource
2025-03-12 14:49:43,723 [Worker-21: Building] WARN  o.e.m.c.i.embedder.EclipseLogger - Using platform encoding (UTF-8 actually) to copy filtered resources, i.e. build is platform dependent!
2025-03-12 14:49:43,728 [Worker-21: Building] INFO  o.e.m.c.i.embedder.EclipseLogger - Copying 0 resource
2025-03-12 14:49:43,729 [Worker-21: Building] WARN  o.e.m.c.i.embedder.EclipseLogger - Using platform encoding (UTF-8 actually) to copy filtered resources, i.e. build is platform dependent!
2025-03-12 14:49:43,730 [Worker-21: Building] INFO  o.e.m.c.i.embedder.EclipseLogger - Copying 0 resource
2025-03-12 14:51:00,223 [Worker-36: Building] WARN  o.e.m.c.i.embedder.EclipseLogger - Using platform encoding (UTF-8 actually) to copy filtered resources, i.e. build is platform dependent!
2025-03-12 14:51:00,225 [Worker-36: Building] INFO  o.e.m.c.i.embedder.EclipseLogger - Copying 0 resource
2025-03-12 14:51:00,226 [Worker-36: Building] WARN  o.e.m.c.i.embedder.EclipseLogger - Using platform encoding (UTF-8 actually) to copy filtered resources, i.e. build is platform dependent!
2025-03-12 14:51:00,228 [Worker-36: Building] INFO  o.e.m.c.i.embedder.EclipseLogger - Copying 0 resource
2025-03-12 14:51:11,612 [Worker-34: Building] WARN  o.e.m.c.i.embedder.EclipseLogger - Using platform encoding (UTF-8 actually) to copy filtered resources, i.e. build is platform dependent!
2025-03-12 14:51:11,614 [Worker-34: Building] INFO  o.e.m.c.i.embedder.EclipseLogger - Copying 0 resource
2025-03-12 14:51:11,616 [Worker-34: Building] WARN  o.e.m.c.i.embedder.EclipseLogger - Using platform encoding (UTF-8 actually) to copy filtered resources, i.e. build is platform dependent!
2025-03-12 14:51:11,617 [Worker-34: Building] INFO  o.e.m.c.i.embedder.EclipseLogger - Copying 0 resource
2025-03-12 14:51:35,437 [Worker-37: Building] WARN  o.e.m.c.i.embedder.EclipseLogger - Using platform encoding (UTF-8 actually) to copy filtered resources, i.e. build is platform dependent!
2025-03-12 14:51:35,439 [Worker-37: Building] INFO  o.e.m.c.i.embedder.EclipseLogger - Copying 0 resource
2025-03-12 14:51:35,440 [Worker-37: Building] WARN  o.e.m.c.i.embedder.EclipseLogger - Using platform encoding (UTF-8 actually) to copy filtered resources, i.e. build is platform dependent!
2025-03-12 14:51:35,441 [Worker-37: Building] INFO  o.e.m.c.i.embedder.EclipseLogger - Copying 0 resource
2025-03-12 14:51:43,931 [Worker-36: Building] WARN  o.e.m.c.i.embedder.EclipseLogger - Using platform encoding (UTF-8 actually) to copy filtered resources, i.e. build is platform dependent!
2025-03-12 14:51:43,933 [Worker-36: Building] INFO  o.e.m.c.i.embedder.EclipseLogger - Copying 0 resource
2025-03-12 14:51:43,934 [Worker-36: Building] WARN  o.e.m.c.i.embedder.EclipseLogger - Using platform encoding (UTF-8 actually) to copy filtered resources, i.e. build is platform dependent!
2025-03-12 14:51:43,935 [Worker-36: Building] INFO  o.e.m.c.i.embedder.EclipseLogger - Copying 0 resource
2025-03-12 14:51:54,226 [Worker-34: Building] WARN  o.e.m.c.i.embedder.EclipseLogger - Using platform encoding (UTF-8 actually) to copy filtered resources, i.e. build is platform dependent!
2025-03-12 14:51:54,228 [Worker-34: Building] INFO  o.e.m.c.i.embedder.EclipseLogger - Copying 0 resource
2025-03-12 14:51:54,229 [Worker-34: Building] WARN  o.e.m.c.i.embedder.EclipseLogger - Using platform encoding (UTF-8 actually) to copy filtered resources, i.e. build is platform dependent!
2025-03-12 14:51:54,230 [Worker-34: Building] INFO  o.e.m.c.i.embedder.EclipseLogger - Copying 0 resource
2025-03-12 14:53:13,308 [Worker-23: Building] WARN  o.e.m.c.i.embedder.EclipseLogger - Using platform encoding (UTF-8 actually) to copy filtered resources, i.e. build is platform dependent!
2025-03-12 14:53:13,310 [Worker-23: Building] INFO  o.e.m.c.i.embedder.EclipseLogger - Copying 0 resource
2025-03-12 14:53:13,311 [Worker-23: Building] WARN  o.e.m.c.i.embedder.EclipseLogger - Using platform encoding (UTF-8 actually) to copy filtered resources, i.e. build is platform dependent!
2025-03-12 14:53:13,313 [Worker-23: Building] INFO  o.e.m.c.i.embedder.EclipseLogger - Copying 0 resource
2025-03-12 14:53:29,256 [Worker-23: Building] WARN  o.e.m.c.i.embedder.EclipseLogger - Using platform encoding (UTF-8 actually) to copy filtered resources, i.e. build is platform dependent!
2025-03-12 14:53:29,260 [Worker-23: Building] INFO  o.e.m.c.i.embedder.EclipseLogger - Copying 0 resource
2025-03-12 14:53:29,261 [Worker-23: Building] WARN  o.e.m.c.i.embedder.EclipseLogger - Using platform encoding (UTF-8 actually) to copy filtered resources, i.e. build is platform dependent!
2025-03-12 14:53:29,262 [Worker-23: Building] INFO  o.e.m.c.i.embedder.EclipseLogger - Copying 0 resource
2025-03-12 14:55:03,848 [Worker-23: Building] WARN  o.e.m.c.i.embedder.EclipseLogger - Using platform encoding (UTF-8 actually) to copy filtered resources, i.e. build is platform dependent!
2025-03-12 14:55:03,853 [Worker-23: Building] INFO  o.e.m.c.i.embedder.EclipseLogger - Copying 0 resource
2025-03-12 14:55:03,854 [Worker-23: Building] WARN  o.e.m.c.i.embedder.EclipseLogger - Using platform encoding (UTF-8 actually) to copy filtered resources, i.e. build is platform dependent!
2025-03-12 14:55:03,856 [Worker-23: Building] INFO  o.e.m.c.i.embedder.EclipseLogger - Copying 0 resource
2025-03-12 14:56:01,193 [Worker-38: Building] WARN  o.e.m.c.i.embedder.EclipseLogger - Using platform encoding (UTF-8 actually) to copy filtered resources, i.e. build is platform dependent!
2025-03-12 14:56:01,198 [Worker-38: Building] INFO  o.e.m.c.i.embedder.EclipseLogger - Copying 0 resource
2025-03-12 14:56:01,199 [Worker-38: Building] WARN  o.e.m.c.i.embedder.EclipseLogger - Using platform encoding (UTF-8 actually) to copy filtered resources, i.e. build is platform dependent!
2025-03-12 14:56:01,200 [Worker-38: Building] INFO  o.e.m.c.i.embedder.EclipseLogger - Copying 0 resource
2025-03-12 14:56:48,932 [Worker-38: Building] WARN  o.e.m.c.i.embedder.EclipseLogger - Using platform encoding (UTF-8 actually) to copy filtered resources, i.e. build is platform dependent!
2025-03-12 14:56:48,933 [Worker-38: Building] INFO  o.e.m.c.i.embedder.EclipseLogger - Copying 0 resource
2025-03-12 14:56:48,934 [Worker-38: Building] WARN  o.e.m.c.i.embedder.EclipseLogger - Using platform encoding (UTF-8 actually) to copy filtered resources, i.e. build is platform dependent!
2025-03-12 14:56:48,936 [Worker-38: Building] INFO  o.e.m.c.i.embedder.EclipseLogger - Copying 0 resource
2025-03-12 14:56:54,439 [Worker-23: Building] WARN  o.e.m.c.i.embedder.EclipseLogger - Using platform encoding (UTF-8 actually) to copy filtered resources, i.e. build is platform dependent!
2025-03-12 14:56:54,440 [Worker-23: Building] INFO  o.e.m.c.i.embedder.EclipseLogger - Copying 0 resource
2025-03-12 14:56:54,441 [Worker-23: Building] WARN  o.e.m.c.i.embedder.EclipseLogger - Using platform encoding (UTF-8 actually) to copy filtered resources, i.e. build is platform dependent!
2025-03-12 14:56:54,443 [Worker-23: Building] INFO  o.e.m.c.i.embedder.EclipseLogger - Copying 0 resource
2025-03-12 14:57:04,016 [Worker-42: Building] WARN  o.e.m.c.i.embedder.EclipseLogger - Using platform encoding (UTF-8 actually) to copy filtered resources, i.e. build is platform dependent!
2025-03-12 14:57:04,017 [Worker-42: Building] INFO  o.e.m.c.i.embedder.EclipseLogger - Copying 0 resource
2025-03-12 14:57:04,018 [Worker-42: Building] WARN  o.e.m.c.i.embedder.EclipseLogger - Using platform encoding (UTF-8 actually) to copy filtered resources, i.e. build is platform dependent!
2025-03-12 14:57:04,020 [Worker-42: Building] INFO  o.e.m.c.i.embedder.EclipseLogger - Copying 0 resource
2025-03-12 14:57:11,295 [Worker-42: Building] WARN  o.e.m.c.i.embedder.EclipseLogger - Using platform encoding (UTF-8 actually) to copy filtered resources, i.e. build is platform dependent!
2025-03-12 14:57:11,297 [Worker-42: Building] INFO  o.e.m.c.i.embedder.EclipseLogger - Copying 0 resource
2025-03-12 14:57:11,298 [Worker-42: Building] WARN  o.e.m.c.i.embedder.EclipseLogger - Using platform encoding (UTF-8 actually) to copy filtered resources, i.e. build is platform dependent!
2025-03-12 14:57:11,299 [Worker-42: Building] INFO  o.e.m.c.i.embedder.EclipseLogger - Copying 0 resource
2025-03-12 14:57:16,844 [Worker-42: Building] WARN  o.e.m.c.i.embedder.EclipseLogger - Using platform encoding (UTF-8 actually) to copy filtered resources, i.e. build is platform dependent!
2025-03-12 14:57:16,845 [Worker-42: Building] INFO  o.e.m.c.i.embedder.EclipseLogger - Copying 0 resource
2025-03-12 14:57:16,846 [Worker-42: Building] WARN  o.e.m.c.i.embedder.EclipseLogger - Using platform encoding (UTF-8 actually) to copy filtered resources, i.e. build is platform dependent!
2025-03-12 14:57:16,847 [Worker-42: Building] INFO  o.e.m.c.i.embedder.EclipseLogger - Copying 0 resource
2025-03-12 14:57:20,758 [Worker-42: Building] WARN  o.e.m.c.i.embedder.EclipseLogger - Using platform encoding (UTF-8 actually) to copy filtered resources, i.e. build is platform dependent!
2025-03-12 14:57:20,759 [Worker-42: Building] INFO  o.e.m.c.i.embedder.EclipseLogger - Copying 0 resource
2025-03-12 14:57:20,760 [Worker-42: Building] WARN  o.e.m.c.i.embedder.EclipseLogger - Using platform encoding (UTF-8 actually) to copy filtered resources, i.e. build is platform dependent!
2025-03-12 14:57:20,762 [Worker-42: Building] INFO  o.e.m.c.i.embedder.EclipseLogger - Copying 0 resource
2025-03-12 14:57:48,625 [Worker-23: Building] WARN  o.e.m.c.i.embedder.EclipseLogger - Using platform encoding (UTF-8 actually) to copy filtered resources, i.e. build is platform dependent!
2025-03-12 14:57:48,629 [Worker-23: Building] INFO  o.e.m.c.i.embedder.EclipseLogger - Copying 0 resource
2025-03-12 14:57:48,630 [Worker-23: Building] WARN  o.e.m.c.i.embedder.EclipseLogger - Using platform encoding (UTF-8 actually) to copy filtered resources, i.e. build is platform dependent!
2025-03-12 14:57:48,632 [Worker-23: Building] INFO  o.e.m.c.i.embedder.EclipseLogger - Copying 0 resource
2025-03-12 14:59:04,931 [Worker-44: Building] WARN  o.e.m.c.i.embedder.EclipseLogger - Using platform encoding (UTF-8 actually) to copy filtered resources, i.e. build is platform dependent!
2025-03-12 14:59:04,934 [Worker-44: Building] INFO  o.e.m.c.i.embedder.EclipseLogger - Copying 0 resource
2025-03-12 14:59:04,935 [Worker-44: Building] WARN  o.e.m.c.i.embedder.EclipseLogger - Using platform encoding (UTF-8 actually) to copy filtered resources, i.e. build is platform dependent!
2025-03-12 14:59:04,936 [Worker-44: Building] INFO  o.e.m.c.i.embedder.EclipseLogger - Copying 0 resource
2025-03-12 15:00:22,136 [Worker-23: Building] WARN  o.e.m.c.i.embedder.EclipseLogger - Using platform encoding (UTF-8 actually) to copy filtered resources, i.e. build is platform dependent!
2025-03-12 15:00:22,141 [Worker-23: Building] INFO  o.e.m.c.i.embedder.EclipseLogger - Copying 0 resource
2025-03-12 15:00:22,143 [Worker-23: Building] WARN  o.e.m.c.i.embedder.EclipseLogger - Using platform encoding (UTF-8 actually) to copy filtered resources, i.e. build is platform dependent!
2025-03-12 15:00:22,144 [Worker-23: Building] INFO  o.e.m.c.i.embedder.EclipseLogger - Copying 0 resource
2025-03-12 15:00:50,542 [Worker-42: Building] WARN  o.e.m.c.i.embedder.EclipseLogger - Using platform encoding (UTF-8 actually) to copy filtered resources, i.e. build is platform dependent!
2025-03-12 15:00:50,544 [Worker-42: Building] INFO  o.e.m.c.i.embedder.EclipseLogger - Copying 0 resource
2025-03-12 15:00:50,545 [Worker-42: Building] WARN  o.e.m.c.i.embedder.EclipseLogger - Using platform encoding (UTF-8 actually) to copy filtered resources, i.e. build is platform dependent!
2025-03-12 15:00:50,546 [Worker-42: Building] INFO  o.e.m.c.i.embedder.EclipseLogger - Copying 0 resource
2025-03-12 15:00:55,146 [Worker-43: Building] WARN  o.e.m.c.i.embedder.EclipseLogger - Using platform encoding (UTF-8 actually) to copy filtered resources, i.e. build is platform dependent!
2025-03-12 15:00:55,148 [Worker-43: Building] INFO  o.e.m.c.i.embedder.EclipseLogger - Copying 0 resource
2025-03-12 15:00:55,149 [Worker-43: Building] WARN  o.e.m.c.i.embedder.EclipseLogger - Using platform encoding (UTF-8 actually) to copy filtered resources, i.e. build is platform dependent!
2025-03-12 15:00:55,151 [Worker-43: Building] INFO  o.e.m.c.i.embedder.EclipseLogger - Copying 0 resource
2025-03-12 15:05:24,023 [Worker-49: Building] WARN  o.e.m.c.i.embedder.EclipseLogger - Using platform encoding (UTF-8 actually) to copy filtered resources, i.e. build is platform dependent!
2025-03-12 15:05:24,027 [Worker-49: Building] INFO  o.e.m.c.i.embedder.EclipseLogger - Copying 0 resource
2025-03-12 15:05:24,028 [Worker-49: Building] WARN  o.e.m.c.i.embedder.EclipseLogger - Using platform encoding (UTF-8 actually) to copy filtered resources, i.e. build is platform dependent!
2025-03-12 15:05:24,030 [Worker-49: Building] INFO  o.e.m.c.i.embedder.EclipseLogger - Copying 0 resource
2025-03-12 15:05:39,133 [Worker-49: Building] WARN  o.e.m.c.i.embedder.EclipseLogger - Using platform encoding (UTF-8 actually) to copy filtered resources, i.e. build is platform dependent!
2025-03-12 15:05:39,135 [Worker-49: Building] INFO  o.e.m.c.i.embedder.EclipseLogger - Copying 0 resource
2025-03-12 15:05:39,136 [Worker-49: Building] WARN  o.e.m.c.i.embedder.EclipseLogger - Using platform encoding (UTF-8 actually) to copy filtered resources, i.e. build is platform dependent!
2025-03-12 15:05:39,137 [Worker-49: Building] INFO  o.e.m.c.i.embedder.EclipseLogger - Copying 0 resource
2025-03-12 15:05:58,533 [Worker-9: Building] WARN  o.e.m.c.i.embedder.EclipseLogger - Using platform encoding (UTF-8 actually) to copy filtered resources, i.e. build is platform dependent!
2025-03-12 15:05:58,538 [Worker-9: Building] INFO  o.e.m.c.i.embedder.EclipseLogger - Copying 0 resource
2025-03-12 15:05:58,540 [Worker-9: Building] WARN  o.e.m.c.i.embedder.EclipseLogger - Using platform encoding (UTF-8 actually) to copy filtered resources, i.e. build is platform dependent!
2025-03-12 15:05:58,543 [Worker-9: Building] INFO  o.e.m.c.i.embedder.EclipseLogger - Copying 0 resource
2025-03-12 15:06:05,621 [Worker-49: Building] WARN  o.e.m.c.i.embedder.EclipseLogger - Using platform encoding (UTF-8 actually) to copy filtered resources, i.e. build is platform dependent!
2025-03-12 15:06:05,622 [Worker-49: Building] INFO  o.e.m.c.i.embedder.EclipseLogger - Copying 0 resource
2025-03-12 15:06:05,623 [Worker-49: Building] WARN  o.e.m.c.i.embedder.EclipseLogger - Using platform encoding (UTF-8 actually) to copy filtered resources, i.e. build is platform dependent!
2025-03-12 15:06:05,624 [Worker-49: Building] INFO  o.e.m.c.i.embedder.EclipseLogger - Copying 0 resource
2025-03-12 15:06:36,855 [Worker-9: Building] WARN  o.e.m.c.i.embedder.EclipseLogger - Using platform encoding (UTF-8 actually) to copy filtered resources, i.e. build is platform dependent!
2025-03-12 15:06:36,860 [Worker-9: Building] INFO  o.e.m.c.i.embedder.EclipseLogger - Copying 0 resource
2025-03-12 15:06:36,861 [Worker-9: Building] WARN  o.e.m.c.i.embedder.EclipseLogger - Using platform encoding (UTF-8 actually) to copy filtered resources, i.e. build is platform dependent!
2025-03-12 15:06:36,862 [Worker-9: Building] INFO  o.e.m.c.i.embedder.EclipseLogger - Copying 0 resource
2025-03-12 15:08:26,653 [Worker-38: Building] WARN  o.e.m.c.i.embedder.EclipseLogger - Using platform encoding (UTF-8 actually) to copy filtered resources, i.e. build is platform dependent!
2025-03-12 15:08:26,657 [Worker-38: Building] INFO  o.e.m.c.i.embedder.EclipseLogger - Copying 0 resource
2025-03-12 15:08:26,658 [Worker-38: Building] WARN  o.e.m.c.i.embedder.EclipseLogger - Using platform encoding (UTF-8 actually) to copy filtered resources, i.e. build is platform dependent!
2025-03-12 15:08:26,659 [Worker-38: Building] INFO  o.e.m.c.i.embedder.EclipseLogger - Copying 0 resource
2025-03-12 15:09:37,861 [Worker-51: Creating project "test"] INFO  o.e.m.c.i.l.LifecycleMappingFactory - Using org.maven.ide.eclipse.wtp.WarLifecycleMapping lifecycle mapping for MavenProject: com.my:test:0.0.1-SNAPSHOT @ E:\dwit\appdev\pjworkspace\test\pom.xml.
2025-03-12 15:09:38,582 [Worker-51: Creating project "test"] WARN  Sisu - Error injecting: org.apache.maven.plugin.war.WarMojo
com.google.inject.ProvisionException: Unable to provision, see the following errors:

1) Error injecting constructor, java.lang.ExceptionInInitializerError: Cannot access defaults field of Properties
  at org.apache.maven.plugin.war.WarMojo.<init>(Unknown Source)
  while locating org.apache.maven.plugin.war.WarMojo

1 error
	at com.google.inject.internal.InternalProvisionException.toProvisionException(InternalProvisionException.java:226)
	at com.google.inject.internal.InjectorImpl$1.get(InjectorImpl.java:1053)
	at com.google.inject.internal.InjectorImpl.getInstance(InjectorImpl.java:1086)
	at org.eclipse.sisu.space.AbstractDeferredClass.get(AbstractDeferredClass.java:48)
	at com.google.inject.internal.ProviderInternalFactory.provision(ProviderInternalFactory.java:85)
	at com.google.inject.internal.InternalFactoryToInitializableAdapter.provision(InternalFactoryToInitializableAdapter.java:57)
	at com.google.inject.internal.ProviderInternalFactory$1.call(ProviderInternalFactory.java:66)
	at com.google.inject.internal.ProvisionListenerStackCallback$Provision.provision(ProvisionListenerStackCallback.java:112)
	at com.google.inject.internal.ProvisionListenerStackCallback$Provision.provision(ProvisionListenerStackCallback.java:127)
	at com.google.inject.internal.ProvisionListenerStackCallback.provision(ProvisionListenerStackCallback.java:66)
	at com.google.inject.internal.ProviderInternalFactory.circularGet(ProviderInternalFactory.java:61)
	at com.google.inject.internal.InternalFactoryToInitializableAdapter.get(InternalFactoryToInitializableAdapter.java:47)
	at com.google.inject.internal.InjectorImpl$1.get(InjectorImpl.java:1050)
	at org.eclipse.sisu.inject.Guice4$1.get(Guice4.java:162)
	at org.eclipse.sisu.inject.LazyBeanEntry.getValue(LazyBeanEntry.java:81)
	at org.eclipse.sisu.plexus.LazyPlexusBean.getValue(LazyPlexusBean.java:51)
	at org.codehaus.plexus.DefaultPlexusContainer.lookup(DefaultPlexusContainer.java:263)
	at org.codehaus.plexus.DefaultPlexusContainer.lookup(DefaultPlexusContainer.java:255)
	at org.apache.maven.plugin.internal.DefaultMavenPluginManager.getConfiguredMojo(DefaultMavenPluginManager.java:520)
	at org.eclipse.m2e.core.internal.embedder.MavenImpl.getConfiguredMojo(MavenImpl.java:354)
	at org.sonatype.m2e.mavenarchiver.internal.AbstractMavenArchiverConfigurator.reflectManifestGeneration(AbstractMavenArchiverConfigurator.java:469)
	at org.sonatype.m2e.mavenarchiver.internal.AbstractMavenArchiverConfigurator.generateManifest(AbstractMavenArchiverConfigurator.java:422)
	at org.sonatype.m2e.mavenarchiver.internal.AbstractMavenArchiverConfigurator.mavenProjectChanged(AbstractMavenArchiverConfigurator.java:227)
	at org.eclipse.m2e.wtp.mavenarchiver.AbstractWTPArchiverConfigurator.mavenProjectChanged(AbstractWTPArchiverConfigurator.java:56)
	at org.eclipse.m2e.core.internal.project.ProjectConfigurationManager.mavenProjectChanged(ProjectConfigurationManager.java:1040)
	at org.eclipse.m2e.core.internal.project.registry.ProjectRegistryManager.notifyProjectChangeListeners(ProjectRegistryManager.java:824)
	at org.eclipse.m2e.core.internal.project.registry.ProjectRegistryManager.applyMutableProjectRegistry(ProjectRegistryManager.java:991)
	at org.eclipse.m2e.core.internal.project.registry.ProjectRegistryManager.refresh(ProjectRegistryManager.java:317)
	at org.eclipse.m2e.core.internal.project.ProjectConfigurationManager.configureNewMavenProjects(ProjectConfigurationManager.java:267)
	at org.eclipse.m2e.core.internal.project.ProjectConfigurationManager$1.run(ProjectConfigurationManager.java:530)
	at org.eclipse.m2e.core.internal.embedder.AbstractRunnable.call(AbstractRunnable.java:28)
	at org.eclipse.m2e.core.internal.embedder.AbstractRunnable.call(AbstractRunnable.java:1)
	at org.eclipse.m2e.core.internal.embedder.MavenExecutionContext.executeBare(MavenExecutionContext.java:179)
	at org.eclipse.m2e.core.internal.embedder.MavenExecutionContext.execute(MavenExecutionContext.java:153)
	at org.eclipse.m2e.core.internal.embedder.MavenExecutionContext.execute(MavenExecutionContext.java:101)
	at org.eclipse.m2e.core.internal.embedder.MavenImpl.execute(MavenImpl.java:1374)
	at org.eclipse.m2e.core.internal.project.ProjectConfigurationManager.enableMavenNature(ProjectConfigurationManager.java:527)
	at org.eclipse.m2e.core.internal.project.ProjectConfigurationManager.createSimpleProject(ProjectConfigurationManager.java:711)
	at org.eclipse.m2e.core.ui.internal.wizards.MavenProjectWizard$2.doCreateMavenProjects(MavenProjectWizard.java:213)
	at org.eclipse.m2e.core.ui.internal.wizards.AbstractCreateMavenProjectJob$1.doCreateMavenProjects(AbstractCreateMavenProjectJob.java:65)
	at org.eclipse.m2e.core.ui.internal.wizards.AbstractCreateMavenProjectsOperation.run(AbstractCreateMavenProjectsOperation.java:75)
	at org.eclipse.m2e.core.ui.internal.wizards.AbstractCreateMavenProjectJob.runInWorkspace(AbstractCreateMavenProjectJob.java:69)
	at org.eclipse.core.internal.resources.InternalWorkspaceJob.run(InternalWorkspaceJob.java:42)
	at org.eclipse.core.internal.jobs.Worker.run(Worker.java:63)
Caused by: java.lang.ExceptionInInitializerError: Cannot access defaults field of Properties
	at com.thoughtworks.xstream.converters.collections.PropertiesConverter.<clinit>(PropertiesConverter.java:46)
	at com.thoughtworks.xstream.XStream.setupConverters(XStream.java:647)
	at com.thoughtworks.xstream.XStream.<init>(XStream.java:445)
	at com.thoughtworks.xstream.XStream.<init>(XStream.java:385)
	at com.thoughtworks.xstream.XStream.<init>(XStream.java:342)
	at org.apache.maven.plugin.war.util.WebappStructureSerializer.<clinit>(WebappStructureSerializer.java:47)
	at org.apache.maven.plugin.war.AbstractWarMojo.<init>(AbstractWarMojo.java:316)
	at org.apache.maven.plugin.war.WarMojo.<init>(WarMojo.java:49)
	at java.base/jdk.internal.reflect.DirectConstructorHandleAccessor.newInstance(DirectConstructorHandleAccessor.java:62)
	at java.base/java.lang.reflect.Constructor.newInstanceWithCaller(Constructor.java:501)
	at java.base/java.lang.reflect.Constructor.newInstance(Constructor.java:485)
	at com.google.inject.internal.DefaultConstructionProxyFactory$ReflectiveProxy.newInstance(DefaultConstructionProxyFactory.java:126)
	at com.google.inject.internal.ConstructorInjector.provision(ConstructorInjector.java:114)
	at com.google.inject.internal.ConstructorInjector.access$000(ConstructorInjector.java:32)
	at com.google.inject.internal.ConstructorInjector$1.call(ConstructorInjector.java:98)
	at com.google.inject.internal.ProvisionListenerStackCallback$Provision.provision(ProvisionListenerStackCallback.java:112)
	at com.google.inject.internal.ProvisionListenerStackCallback$Provision.provision(ProvisionListenerStackCallback.java:127)
	at com.google.inject.internal.ProvisionListenerStackCallback.provision(ProvisionListenerStackCallback.java:66)
	at com.google.inject.internal.ConstructorInjector.construct(ConstructorInjector.java:93)
	at com.google.inject.internal.ConstructorBindingImpl$Factory.get(ConstructorBindingImpl.java:306)
	at com.google.inject.internal.InjectorImpl$1.get(InjectorImpl.java:1050)
	... 42 common frames omitted
2025-03-12 15:09:38,616 [Worker-51: Creating project "test"] INFO  o.e.m.j.i.AbstractJavaProjectConfigurator - Adding source folder /test/src/main/java
2025-03-12 15:09:38,616 [Worker-51: Creating project "test"] INFO  o.e.m.j.i.AbstractJavaProjectConfigurator - Adding resource folder /test/src/main/resources
2025-03-12 15:09:38,617 [Worker-51: Creating project "test"] INFO  o.e.m.j.i.AbstractJavaProjectConfigurator - Adding source folder /test/src/test/java
2025-03-12 15:09:38,617 [Worker-51: Creating project "test"] INFO  o.e.m.j.i.AbstractJavaProjectConfigurator - Adding resource folder /test/src/test/resources
2025-03-12 15:09:39,557 [Worker-47: Building] WARN  o.e.m.c.i.embedder.EclipseLogger - Using platform encoding (UTF-8 actually) to copy filtered resources, i.e. build is platform dependent!
2025-03-12 15:09:39,630 [Worker-47: Building] INFO  o.e.m.c.i.embedder.EclipseLogger - Copying 0 resource
2025-03-12 15:09:39,631 [Worker-47: Building] WARN  o.e.m.c.i.embedder.EclipseLogger - Using platform encoding (UTF-8 actually) to copy filtered resources, i.e. build is platform dependent!
2025-03-12 15:09:39,677 [Worker-47: Building] INFO  o.e.m.c.i.embedder.EclipseLogger - Copying 0 resource
2025-03-12 15:09:39,681 [Worker-47: Building] WARN  Sisu - Error injecting: org.apache.maven.plugin.war.WarMojo
com.google.inject.ProvisionException: Unable to provision, see the following errors:

1) Error injecting constructor, java.lang.NoClassDefFoundError: Could not initialize class org.apache.maven.plugin.war.util.WebappStructureSerializer
  at org.apache.maven.plugin.war.WarMojo.<init>(Unknown Source)
  while locating org.apache.maven.plugin.war.WarMojo

1 error
	at com.google.inject.internal.InternalProvisionException.toProvisionException(InternalProvisionException.java:226)
	at com.google.inject.internal.InjectorImpl$1.get(InjectorImpl.java:1053)
	at com.google.inject.internal.InjectorImpl.getInstance(InjectorImpl.java:1086)
	at org.eclipse.sisu.space.AbstractDeferredClass.get(AbstractDeferredClass.java:48)
	at com.google.inject.internal.ProviderInternalFactory.provision(ProviderInternalFactory.java:85)
	at com.google.inject.internal.InternalFactoryToInitializableAdapter.provision(InternalFactoryToInitializableAdapter.java:57)
	at com.google.inject.internal.ProviderInternalFactory$1.call(ProviderInternalFactory.java:66)
	at com.google.inject.internal.ProvisionListenerStackCallback$Provision.provision(ProvisionListenerStackCallback.java:112)
	at com.google.inject.internal.ProvisionListenerStackCallback$Provision.provision(ProvisionListenerStackCallback.java:127)
	at com.google.inject.internal.ProvisionListenerStackCallback.provision(ProvisionListenerStackCallback.java:66)
	at com.google.inject.internal.ProviderInternalFactory.circularGet(ProviderInternalFactory.java:61)
	at com.google.inject.internal.InternalFactoryToInitializableAdapter.get(InternalFactoryToInitializableAdapter.java:47)
	at com.google.inject.internal.InjectorImpl$1.get(InjectorImpl.java:1050)
	at org.eclipse.sisu.inject.Guice4$1.get(Guice4.java:162)
	at org.eclipse.sisu.inject.LazyBeanEntry.getValue(LazyBeanEntry.java:81)
	at org.eclipse.sisu.plexus.LazyPlexusBean.getValue(LazyPlexusBean.java:51)
	at org.codehaus.plexus.DefaultPlexusContainer.lookup(DefaultPlexusContainer.java:263)
	at org.codehaus.plexus.DefaultPlexusContainer.lookup(DefaultPlexusContainer.java:255)
	at org.apache.maven.plugin.internal.DefaultMavenPluginManager.getConfiguredMojo(DefaultMavenPluginManager.java:520)
	at org.eclipse.m2e.core.internal.embedder.MavenImpl.getConfiguredMojo(MavenImpl.java:354)
	at org.sonatype.m2e.mavenarchiver.internal.AbstractMavenArchiverConfigurator.reflectManifestGeneration(AbstractMavenArchiverConfigurator.java:469)
	at org.sonatype.m2e.mavenarchiver.internal.AbstractMavenArchiverConfigurator.generateManifest(AbstractMavenArchiverConfigurator.java:422)
	at org.sonatype.m2e.mavenarchiver.internal.AbstractMavenArchiverConfigurator.mavenProjectChanged(AbstractMavenArchiverConfigurator.java:227)
	at org.sonatype.m2e.mavenarchiver.internal.AbstractMavenArchiverConfigurator$1.build(AbstractMavenArchiverConfigurator.java:167)
	at org.eclipse.m2e.core.internal.builder.MavenBuilderImpl.build(MavenBuilderImpl.java:135)
	at org.eclipse.m2e.core.internal.builder.MavenBuilder$1.method(MavenBuilder.java:169)
	at org.eclipse.m2e.core.internal.builder.MavenBuilder$1.method(MavenBuilder.java:1)
	at org.eclipse.m2e.core.internal.builder.MavenBuilder$BuildMethod.lambda$1(MavenBuilder.java:114)
	at org.eclipse.m2e.core.internal.embedder.MavenExecutionContext.executeBare(MavenExecutionContext.java:179)
	at org.eclipse.m2e.core.internal.embedder.MavenExecutionContext.execute(MavenExecutionContext.java:114)
	at org.eclipse.m2e.core.internal.builder.MavenBuilder$BuildMethod.lambda$0(MavenBuilder.java:105)
	at org.eclipse.m2e.core.internal.embedder.MavenExecutionContext.executeBare(MavenExecutionContext.java:179)
	at org.eclipse.m2e.core.internal.embedder.MavenExecutionContext.execute(MavenExecutionContext.java:153)
	at org.eclipse.m2e.core.internal.embedder.MavenExecutionContext.execute(MavenExecutionContext.java:101)
	at org.eclipse.m2e.core.internal.builder.MavenBuilder$BuildMethod.execute(MavenBuilder.java:88)
	at org.eclipse.m2e.core.internal.builder.MavenBuilder.build(MavenBuilder.java:197)
	at org.eclipse.core.internal.events.BuildManager$2.run(BuildManager.java:853)
	at org.eclipse.core.runtime.SafeRunner.run(SafeRunner.java:45)
	at org.eclipse.core.internal.events.BuildManager.basicBuild(BuildManager.java:232)
	at org.eclipse.core.internal.events.BuildManager.basicBuild(BuildManager.java:281)
	at org.eclipse.core.internal.events.BuildManager$1.run(BuildManager.java:334)
	at org.eclipse.core.runtime.SafeRunner.run(SafeRunner.java:45)
	at org.eclipse.core.internal.events.BuildManager.basicBuild(BuildManager.java:337)
	at org.eclipse.core.internal.events.BuildManager.basicBuildLoop(BuildManager.java:389)
	at org.eclipse.core.internal.events.BuildManager.build(BuildManager.java:410)
	at org.eclipse.core.internal.events.AutoBuildJob.doBuild(AutoBuildJob.java:160)
	at org.eclipse.core.internal.events.AutoBuildJob.run(AutoBuildJob.java:251)
	at org.eclipse.core.internal.jobs.Worker.run(Worker.java:63)
Caused by: java.lang.NoClassDefFoundError: Could not initialize class org.apache.maven.plugin.war.util.WebappStructureSerializer
	at org.apache.maven.plugin.war.AbstractWarMojo.<init>(AbstractWarMojo.java:316)
	at org.apache.maven.plugin.war.WarMojo.<init>(WarMojo.java:49)
	at java.base/jdk.internal.reflect.DirectConstructorHandleAccessor.newInstance(DirectConstructorHandleAccessor.java:62)
	at java.base/java.lang.reflect.Constructor.newInstanceWithCaller(Constructor.java:501)
	at java.base/java.lang.reflect.Constructor.newInstance(Constructor.java:485)
	at com.google.inject.internal.DefaultConstructionProxyFactory$ReflectiveProxy.newInstance(DefaultConstructionProxyFactory.java:126)
	at com.google.inject.internal.ConstructorInjector.provision(ConstructorInjector.java:114)
	at com.google.inject.internal.ConstructorInjector.access$000(ConstructorInjector.java:32)
	at com.google.inject.internal.ConstructorInjector$1.call(ConstructorInjector.java:98)
	at com.google.inject.internal.ProvisionListenerStackCallback$Provision.provision(ProvisionListenerStackCallback.java:112)
	at com.google.inject.internal.ProvisionListenerStackCallback$Provision.provision(ProvisionListenerStackCallback.java:127)
	at com.google.inject.internal.ProvisionListenerStackCallback.provision(ProvisionListenerStackCallback.java:66)
	at com.google.inject.internal.ConstructorInjector.construct(ConstructorInjector.java:93)
	at com.google.inject.internal.ConstructorBindingImpl$Factory.get(ConstructorBindingImpl.java:306)
	at com.google.inject.internal.InjectorImpl$1.get(InjectorImpl.java:1050)
	... 46 common frames omitted
Caused by: java.lang.ExceptionInInitializerError: Exception java.lang.ExceptionInInitializerError: Cannot access defaults field of Properties [in thread "Worker-51: Creating project "test""]
	at com.thoughtworks.xstream.converters.collections.PropertiesConverter.<clinit>(PropertiesConverter.java:46)
	at com.thoughtworks.xstream.XStream.setupConverters(XStream.java:647)
	at com.thoughtworks.xstream.XStream.<init>(XStream.java:445)
	at com.thoughtworks.xstream.XStream.<init>(XStream.java:385)
	at com.thoughtworks.xstream.XStream.<init>(XStream.java:342)
	at org.apache.maven.plugin.war.util.WebappStructureSerializer.<clinit>(WebappStructureSerializer.java:47)
	at org.apache.maven.plugin.war.AbstractWarMojo.<init>(AbstractWarMojo.java:316)
	at org.apache.maven.plugin.war.WarMojo.<init>(WarMojo.java:49)
	at java.base/jdk.internal.reflect.DirectConstructorHandleAccessor.newInstance(DirectConstructorHandleAccessor.java:62)
	at java.base/java.lang.reflect.Constructor.newInstanceWithCaller(Constructor.java:501)
	at java.base/java.lang.reflect.Constructor.newInstance(Constructor.java:485)
	at com.google.inject.internal.DefaultConstructionProxyFactory$ReflectiveProxy.newInstance(DefaultConstructionProxyFactory.java:126)
	at com.google.inject.internal.ConstructorInjector.provision(ConstructorInjector.java:114)
	at com.google.inject.internal.ConstructorInjector.access$000(ConstructorInjector.java:32)
	at com.google.inject.internal.ConstructorInjector$1.call(ConstructorInjector.java:98)
	at com.google.inject.internal.ProvisionListenerStackCallback$Provision.provision(ProvisionListenerStackCallback.java:112)
	at com.google.inject.internal.ProvisionListenerStackCallback$Provision.provision(ProvisionListenerStackCallback.java:127)
	at com.google.inject.internal.ProvisionListenerStackCallback.provision(ProvisionListenerStackCallback.java:66)
	at com.google.inject.internal.ConstructorInjector.construct(ConstructorInjector.java:93)
	at com.google.inject.internal.ConstructorBindingImpl$Factory.get(ConstructorBindingImpl.java:306)
	at com.google.inject.internal.InjectorImpl$1.get(InjectorImpl.java:1050)
	at com.google.inject.internal.InjectorImpl.getInstance(InjectorImpl.java:1086)
	at org.eclipse.sisu.space.AbstractDeferredClass.get(AbstractDeferredClass.java:48)
	at com.google.inject.internal.ProviderInternalFactory.provision(ProviderInternalFactory.java:85)
	at com.google.inject.internal.InternalFactoryToInitializableAdapter.provision(InternalFactoryToInitializableAdapter.java:57)
	at com.google.inject.internal.ProviderInternalFactory$1.call(ProviderInternalFactory.java:66)
	at com.google.inject.internal.ProvisionListenerStackCallback$Provision.provision(ProvisionListenerStackCallback.java:112)
	at com.google.inject.internal.ProvisionListenerStackCallback$Provision.provision(ProvisionListenerStackCallback.java:127)
	at com.google.inject.internal.ProvisionListenerStackCallback.provision(ProvisionListenerStackCallback.java:66)
	at com.google.inject.internal.ProviderInternalFactory.circularGet(ProviderInternalFactory.java:61)
	at com.google.inject.internal.InternalFactoryToInitializableAdapter.get(InternalFactoryToInitializableAdapter.java:47)
	at com.google.inject.internal.InjectorImpl$1.get(InjectorImpl.java:1050)
	at org.eclipse.sisu.inject.Guice4$1.get(Guice4.java:162)
	at org.eclipse.sisu.inject.LazyBeanEntry.getValue(LazyBeanEntry.java:81)
	at org.eclipse.sisu.plexus.LazyPlexusBean.getValue(LazyPlexusBean.java:51)
	at org.codehaus.plexus.DefaultPlexusContainer.lookup(DefaultPlexusContainer.java:263)
	at org.codehaus.plexus.DefaultPlexusContainer.lookup(DefaultPlexusContainer.java:255)
	at org.apache.maven.plugin.internal.DefaultMavenPluginManager.getConfiguredMojo(DefaultMavenPluginManager.java:520)
	at org.eclipse.m2e.core.internal.embedder.MavenImpl.getConfiguredMojo(MavenImpl.java:354)
	at org.sonatype.m2e.mavenarchiver.internal.AbstractMavenArchiverConfigurator.reflectManifestGeneration(AbstractMavenArchiverConfigurator.java:469)
	at org.sonatype.m2e.mavenarchiver.internal.AbstractMavenArchiverConfigurator.generateManifest(AbstractMavenArchiverConfigurator.java:422)
	at org.sonatype.m2e.mavenarchiver.internal.AbstractMavenArchiverConfigurator.mavenProjectChanged(AbstractMavenArchiverConfigurator.java:227)
	at org.eclipse.m2e.wtp.mavenarchiver.AbstractWTPArchiverConfigurator.mavenProjectChanged(AbstractWTPArchiverConfigurator.java:56)
	at org.eclipse.m2e.core.internal.project.ProjectConfigurationManager.mavenProjectChanged(ProjectConfigurationManager.java:1040)
	at org.eclipse.m2e.core.internal.project.registry.ProjectRegistryManager.notifyProjectChangeListeners(ProjectRegistryManager.java:824)
	at org.eclipse.m2e.core.internal.project.registry.ProjectRegistryManager.applyMutableProjectRegistry(ProjectRegistryManager.java:991)
	at org.eclipse.m2e.core.internal.project.registry.ProjectRegistryManager.refresh(ProjectRegistryManager.java:317)
	at org.eclipse.m2e.core.internal.project.ProjectConfigurationManager.configureNewMavenProjects(ProjectConfigurationManager.java:267)
	at org.eclipse.m2e.core.internal.project.ProjectConfigurationManager$1.run(ProjectConfigurationManager.java:530)
	at org.eclipse.m2e.core.internal.embedder.AbstractRunnable.call(AbstractRunnable.java:28)
	at org.eclipse.m2e.core.internal.embedder.AbstractRunnable.call(AbstractRunnable.java:1)
	at org.eclipse.m2e.core.internal.embedder.MavenExecutionContext.executeBare(MavenExecutionContext.java:179)
	at org.eclipse.m2e.core.internal.embedder.MavenExecutionContext.execute(MavenExecutionContext.java:153)
	at org.eclipse.m2e.core.internal.embedder.MavenExecutionContext.execute(MavenExecutionContext.java:101)
	at org.eclipse.m2e.core.internal.embedder.MavenImpl.execute(MavenImpl.java:1374)
	at org.eclipse.m2e.core.internal.project.ProjectConfigurationManager.enableMavenNature(ProjectConfigurationManager.java:527)
	at org.eclipse.m2e.core.internal.project.ProjectConfigurationManager.createSimpleProject(ProjectConfigurationManager.java:711)
	at org.eclipse.m2e.core.ui.internal.wizards.MavenProjectWizard$2.doCreateMavenProjects(MavenProjectWizard.java:213)
	at org.eclipse.m2e.core.ui.internal.wizards.AbstractCreateMavenProjectJob$1.doCreateMavenProjects(AbstractCreateMavenProjectJob.java:65)
	at org.eclipse.m2e.core.ui.internal.wizards.AbstractCreateMavenProjectsOperation.run(AbstractCreateMavenProjectsOperation.java:75)
	at org.eclipse.m2e.core.ui.internal.wizards.AbstractCreateMavenProjectJob.runInWorkspace(AbstractCreateMavenProjectJob.java:69)
	at org.eclipse.core.internal.resources.InternalWorkspaceJob.run(InternalWorkspaceJob.java:42)
	... 1 common frames omitted
2025-03-12 15:09:40,881 [Worker-51: Building] WARN  o.e.m.c.i.embedder.EclipseLogger - Using platform encoding (UTF-8 actually) to copy filtered resources, i.e. build is platform dependent!
2025-03-12 15:09:40,899 [Worker-51: Building] INFO  o.e.m.c.i.embedder.EclipseLogger - Copying 0 resource
2025-03-12 15:09:40,903 [Worker-51: Building] WARN  o.e.m.c.i.embedder.EclipseLogger - Using platform encoding (UTF-8 actually) to copy filtered resources, i.e. build is platform dependent!
2025-03-12 15:09:40,905 [Worker-51: Building] INFO  o.e.m.c.i.embedder.EclipseLogger - Copying 0 resource
2025-03-12 15:09:40,912 [Worker-51: Building] WARN  Sisu - Error injecting: org.apache.maven.plugin.war.WarMojo
com.google.inject.ProvisionException: Unable to provision, see the following errors:

1) Error injecting constructor, java.lang.NoClassDefFoundError: Could not initialize class org.apache.maven.plugin.war.util.WebappStructureSerializer
  at org.apache.maven.plugin.war.WarMojo.<init>(Unknown Source)
  while locating org.apache.maven.plugin.war.WarMojo

1 error
	at com.google.inject.internal.InternalProvisionException.toProvisionException(InternalProvisionException.java:226)
	at com.google.inject.internal.InjectorImpl$1.get(InjectorImpl.java:1053)
	at com.google.inject.internal.InjectorImpl.getInstance(InjectorImpl.java:1086)
	at org.eclipse.sisu.space.AbstractDeferredClass.get(AbstractDeferredClass.java:48)
	at com.google.inject.internal.ProviderInternalFactory.provision(ProviderInternalFactory.java:85)
	at com.google.inject.internal.InternalFactoryToInitializableAdapter.provision(InternalFactoryToInitializableAdapter.java:57)
	at com.google.inject.internal.ProviderInternalFactory$1.call(ProviderInternalFactory.java:66)
	at com.google.inject.internal.ProvisionListenerStackCallback$Provision.provision(ProvisionListenerStackCallback.java:112)
	at com.google.inject.internal.ProvisionListenerStackCallback$Provision.provision(ProvisionListenerStackCallback.java:127)
	at com.google.inject.internal.ProvisionListenerStackCallback.provision(ProvisionListenerStackCallback.java:66)
	at com.google.inject.internal.ProviderInternalFactory.circularGet(ProviderInternalFactory.java:61)
	at com.google.inject.internal.InternalFactoryToInitializableAdapter.get(InternalFactoryToInitializableAdapter.java:47)
	at com.google.inject.internal.InjectorImpl$1.get(InjectorImpl.java:1050)
	at org.eclipse.sisu.inject.Guice4$1.get(Guice4.java:162)
	at org.eclipse.sisu.inject.LazyBeanEntry.getValue(LazyBeanEntry.java:81)
	at org.eclipse.sisu.plexus.LazyPlexusBean.getValue(LazyPlexusBean.java:51)
	at org.codehaus.plexus.DefaultPlexusContainer.lookup(DefaultPlexusContainer.java:263)
	at org.codehaus.plexus.DefaultPlexusContainer.lookup(DefaultPlexusContainer.java:255)
	at org.apache.maven.plugin.internal.DefaultMavenPluginManager.getConfiguredMojo(DefaultMavenPluginManager.java:520)
	at org.eclipse.m2e.core.internal.embedder.MavenImpl.getConfiguredMojo(MavenImpl.java:354)
	at org.sonatype.m2e.mavenarchiver.internal.AbstractMavenArchiverConfigurator.reflectManifestGeneration(AbstractMavenArchiverConfigurator.java:469)
	at org.sonatype.m2e.mavenarchiver.internal.AbstractMavenArchiverConfigurator.generateManifest(AbstractMavenArchiverConfigurator.java:422)
	at org.sonatype.m2e.mavenarchiver.internal.AbstractMavenArchiverConfigurator.mavenProjectChanged(AbstractMavenArchiverConfigurator.java:227)
	at org.sonatype.m2e.mavenarchiver.internal.AbstractMavenArchiverConfigurator$1.build(AbstractMavenArchiverConfigurator.java:167)
	at org.eclipse.m2e.core.internal.builder.MavenBuilderImpl.build(MavenBuilderImpl.java:135)
	at org.eclipse.m2e.core.internal.builder.MavenBuilder$1.method(MavenBuilder.java:169)
	at org.eclipse.m2e.core.internal.builder.MavenBuilder$1.method(MavenBuilder.java:1)
	at org.eclipse.m2e.core.internal.builder.MavenBuilder$BuildMethod.lambda$1(MavenBuilder.java:114)
	at org.eclipse.m2e.core.internal.embedder.MavenExecutionContext.executeBare(MavenExecutionContext.java:179)
	at org.eclipse.m2e.core.internal.embedder.MavenExecutionContext.execute(MavenExecutionContext.java:114)
	at org.eclipse.m2e.core.internal.builder.MavenBuilder$BuildMethod.lambda$0(MavenBuilder.java:105)
	at org.eclipse.m2e.core.internal.embedder.MavenExecutionContext.executeBare(MavenExecutionContext.java:179)
	at org.eclipse.m2e.core.internal.embedder.MavenExecutionContext.execute(MavenExecutionContext.java:153)
	at org.eclipse.m2e.core.internal.embedder.MavenExecutionContext.execute(MavenExecutionContext.java:101)
	at org.eclipse.m2e.core.internal.builder.MavenBuilder$BuildMethod.execute(MavenBuilder.java:88)
	at org.eclipse.m2e.core.internal.builder.MavenBuilder.build(MavenBuilder.java:197)
	at org.eclipse.core.internal.events.BuildManager$2.run(BuildManager.java:853)
	at org.eclipse.core.runtime.SafeRunner.run(SafeRunner.java:45)
	at org.eclipse.core.internal.events.BuildManager.basicBuild(BuildManager.java:232)
	at org.eclipse.core.internal.events.BuildManager.basicBuild(BuildManager.java:281)
	at org.eclipse.core.internal.events.BuildManager$1.run(BuildManager.java:334)
	at org.eclipse.core.runtime.SafeRunner.run(SafeRunner.java:45)
	at org.eclipse.core.internal.events.BuildManager.basicBuild(BuildManager.java:337)
	at org.eclipse.core.internal.events.BuildManager.basicBuildLoop(BuildManager.java:389)
	at org.eclipse.core.internal.events.BuildManager.build(BuildManager.java:410)
	at org.eclipse.core.internal.events.AutoBuildJob.doBuild(AutoBuildJob.java:160)
	at org.eclipse.core.internal.events.AutoBuildJob.run(AutoBuildJob.java:251)
	at org.eclipse.core.internal.jobs.Worker.run(Worker.java:63)
Caused by: java.lang.NoClassDefFoundError: Could not initialize class org.apache.maven.plugin.war.util.WebappStructureSerializer
	at org.apache.maven.plugin.war.AbstractWarMojo.<init>(AbstractWarMojo.java:316)
	at org.apache.maven.plugin.war.WarMojo.<init>(WarMojo.java:49)
	at java.base/jdk.internal.reflect.DirectConstructorHandleAccessor.newInstance(DirectConstructorHandleAccessor.java:62)
	at java.base/java.lang.reflect.Constructor.newInstanceWithCaller(Constructor.java:501)
	at java.base/java.lang.reflect.Constructor.newInstance(Constructor.java:485)
	at com.google.inject.internal.DefaultConstructionProxyFactory$ReflectiveProxy.newInstance(DefaultConstructionProxyFactory.java:126)
	at com.google.inject.internal.ConstructorInjector.provision(ConstructorInjector.java:114)
	at com.google.inject.internal.ConstructorInjector.access$000(ConstructorInjector.java:32)
	at com.google.inject.internal.ConstructorInjector$1.call(ConstructorInjector.java:98)
	at com.google.inject.internal.ProvisionListenerStackCallback$Provision.provision(ProvisionListenerStackCallback.java:112)
	at com.google.inject.internal.ProvisionListenerStackCallback$Provision.provision(ProvisionListenerStackCallback.java:127)
	at com.google.inject.internal.ProvisionListenerStackCallback.provision(ProvisionListenerStackCallback.java:66)
	at com.google.inject.internal.ConstructorInjector.construct(ConstructorInjector.java:93)
	at com.google.inject.internal.ConstructorBindingImpl$Factory.get(ConstructorBindingImpl.java:306)
	at com.google.inject.internal.InjectorImpl$1.get(InjectorImpl.java:1050)
	... 46 common frames omitted
Caused by: java.lang.ExceptionInInitializerError: Exception java.lang.ExceptionInInitializerError: Cannot access defaults field of Properties [in thread "Worker-51: Creating project "test""]
	at com.thoughtworks.xstream.converters.collections.PropertiesConverter.<clinit>(PropertiesConverter.java:46)
	at com.thoughtworks.xstream.XStream.setupConverters(XStream.java:647)
	at com.thoughtworks.xstream.XStream.<init>(XStream.java:445)
	at com.thoughtworks.xstream.XStream.<init>(XStream.java:385)
	at com.thoughtworks.xstream.XStream.<init>(XStream.java:342)
	at org.apache.maven.plugin.war.util.WebappStructureSerializer.<clinit>(WebappStructureSerializer.java:47)
	at org.apache.maven.plugin.war.AbstractWarMojo.<init>(AbstractWarMojo.java:316)
	at org.apache.maven.plugin.war.WarMojo.<init>(WarMojo.java:49)
	at java.base/jdk.internal.reflect.DirectConstructorHandleAccessor.newInstance(DirectConstructorHandleAccessor.java:62)
	at java.base/java.lang.reflect.Constructor.newInstanceWithCaller(Constructor.java:501)
	at java.base/java.lang.reflect.Constructor.newInstance(Constructor.java:485)
	at com.google.inject.internal.DefaultConstructionProxyFactory$ReflectiveProxy.newInstance(DefaultConstructionProxyFactory.java:126)
	at com.google.inject.internal.ConstructorInjector.provision(ConstructorInjector.java:114)
	at com.google.inject.internal.ConstructorInjector.access$000(ConstructorInjector.java:32)
	at com.google.inject.internal.ConstructorInjector$1.call(ConstructorInjector.java:98)
	at com.google.inject.internal.ProvisionListenerStackCallback$Provision.provision(ProvisionListenerStackCallback.java:112)
	at com.google.inject.internal.ProvisionListenerStackCallback$Provision.provision(ProvisionListenerStackCallback.java:127)
	at com.google.inject.internal.ProvisionListenerStackCallback.provision(ProvisionListenerStackCallback.java:66)
	at com.google.inject.internal.ConstructorInjector.construct(ConstructorInjector.java:93)
	at com.google.inject.internal.ConstructorBindingImpl$Factory.get(ConstructorBindingImpl.java:306)
	at com.google.inject.internal.InjectorImpl$1.get(InjectorImpl.java:1050)
	at com.google.inject.internal.InjectorImpl.getInstance(InjectorImpl.java:1086)
	at org.eclipse.sisu.space.AbstractDeferredClass.get(AbstractDeferredClass.java:48)
	at com.google.inject.internal.ProviderInternalFactory.provision(ProviderInternalFactory.java:85)
	at com.google.inject.internal.InternalFactoryToInitializableAdapter.provision(InternalFactoryToInitializableAdapter.java:57)
	at com.google.inject.internal.ProviderInternalFactory$1.call(ProviderInternalFactory.java:66)
	at com.google.inject.internal.ProvisionListenerStackCallback$Provision.provision(ProvisionListenerStackCallback.java:112)
	at com.google.inject.internal.ProvisionListenerStackCallback$Provision.provision(ProvisionListenerStackCallback.java:127)
	at com.google.inject.internal.ProvisionListenerStackCallback.provision(ProvisionListenerStackCallback.java:66)
	at com.google.inject.internal.ProviderInternalFactory.circularGet(ProviderInternalFactory.java:61)
	at com.google.inject.internal.InternalFactoryToInitializableAdapter.get(InternalFactoryToInitializableAdapter.java:47)
	at com.google.inject.internal.InjectorImpl$1.get(InjectorImpl.java:1050)
	at org.eclipse.sisu.inject.Guice4$1.get(Guice4.java:162)
	at org.eclipse.sisu.inject.LazyBeanEntry.getValue(LazyBeanEntry.java:81)
	at org.eclipse.sisu.plexus.LazyPlexusBean.getValue(LazyPlexusBean.java:51)
	at org.codehaus.plexus.DefaultPlexusContainer.lookup(DefaultPlexusContainer.java:263)
	at org.codehaus.plexus.DefaultPlexusContainer.lookup(DefaultPlexusContainer.java:255)
	at org.apache.maven.plugin.internal.DefaultMavenPluginManager.getConfiguredMojo(DefaultMavenPluginManager.java:520)
	at org.eclipse.m2e.core.internal.embedder.MavenImpl.getConfiguredMojo(MavenImpl.java:354)
	at org.sonatype.m2e.mavenarchiver.internal.AbstractMavenArchiverConfigurator.reflectManifestGeneration(AbstractMavenArchiverConfigurator.java:469)
	at org.sonatype.m2e.mavenarchiver.internal.AbstractMavenArchiverConfigurator.generateManifest(AbstractMavenArchiverConfigurator.java:422)
	at org.sonatype.m2e.mavenarchiver.internal.AbstractMavenArchiverConfigurator.mavenProjectChanged(AbstractMavenArchiverConfigurator.java:227)
	at org.eclipse.m2e.wtp.mavenarchiver.AbstractWTPArchiverConfigurator.mavenProjectChanged(AbstractWTPArchiverConfigurator.java:56)
	at org.eclipse.m2e.core.internal.project.ProjectConfigurationManager.mavenProjectChanged(ProjectConfigurationManager.java:1040)
	at org.eclipse.m2e.core.internal.project.registry.ProjectRegistryManager.notifyProjectChangeListeners(ProjectRegistryManager.java:824)
	at org.eclipse.m2e.core.internal.project.registry.ProjectRegistryManager.applyMutableProjectRegistry(ProjectRegistryManager.java:991)
	at org.eclipse.m2e.core.internal.project.registry.ProjectRegistryManager.refresh(ProjectRegistryManager.java:317)
	at org.eclipse.m2e.core.internal.project.ProjectConfigurationManager.configureNewMavenProjects(ProjectConfigurationManager.java:267)
	at org.eclipse.m2e.core.internal.project.ProjectConfigurationManager$1.run(ProjectConfigurationManager.java:530)
	at org.eclipse.m2e.core.internal.embedder.AbstractRunnable.call(AbstractRunnable.java:28)
	at org.eclipse.m2e.core.internal.embedder.AbstractRunnable.call(AbstractRunnable.java:1)
	at org.eclipse.m2e.core.internal.embedder.MavenExecutionContext.executeBare(MavenExecutionContext.java:179)
	at org.eclipse.m2e.core.internal.embedder.MavenExecutionContext.execute(MavenExecutionContext.java:153)
	at org.eclipse.m2e.core.internal.embedder.MavenExecutionContext.execute(MavenExecutionContext.java:101)
	at org.eclipse.m2e.core.internal.embedder.MavenImpl.execute(MavenImpl.java:1374)
	at org.eclipse.m2e.core.internal.project.ProjectConfigurationManager.enableMavenNature(ProjectConfigurationManager.java:527)
	at org.eclipse.m2e.core.internal.project.ProjectConfigurationManager.createSimpleProject(ProjectConfigurationManager.java:711)
	at org.eclipse.m2e.core.ui.internal.wizards.MavenProjectWizard$2.doCreateMavenProjects(MavenProjectWizard.java:213)
	at org.eclipse.m2e.core.ui.internal.wizards.AbstractCreateMavenProjectJob$1.doCreateMavenProjects(AbstractCreateMavenProjectJob.java:65)
	at org.eclipse.m2e.core.ui.internal.wizards.AbstractCreateMavenProjectsOperation.run(AbstractCreateMavenProjectsOperation.java:75)
	at org.eclipse.m2e.core.ui.internal.wizards.AbstractCreateMavenProjectJob.runInWorkspace(AbstractCreateMavenProjectJob.java:69)
	at org.eclipse.core.internal.resources.InternalWorkspaceJob.run(InternalWorkspaceJob.java:42)
	... 1 common frames omitted
2025-03-12 15:10:43,580 [Worker-49: Building] INFO  o.e.m.c.i.l.LifecycleMappingFactory - Using org.maven.ide.eclipse.wtp.WarLifecycleMapping lifecycle mapping for MavenProject: com.my:test:0.0.1-SNAPSHOT @ E:\dwit\appdev\pjworkspace\test\pom.xml.
2025-03-12 15:10:44,051 [Worker-49: Building] WARN  o.e.m.c.i.embedder.EclipseLogger - Using platform encoding (UTF-8 actually) to copy filtered resources, i.e. build is platform dependent!
2025-03-12 15:10:44,052 [Worker-49: Building] INFO  o.e.m.c.i.embedder.EclipseLogger - Copying 0 resource
2025-03-12 15:10:44,053 [Worker-49: Building] WARN  o.e.m.c.i.embedder.EclipseLogger - Using platform encoding (UTF-8 actually) to copy filtered resources, i.e. build is platform dependent!
2025-03-12 15:10:44,055 [Worker-49: Building] INFO  o.e.m.c.i.embedder.EclipseLogger - Copying 0 resource
2025-03-12 15:10:44,055 [Worker-49: Building] INFO  o.e.m.w.i.f.ResourceFilteringBuildParticipant - Changed resources require a complete clean of filtered resources of test
2025-03-12 15:10:44,055 [Worker-49: Building] INFO  o.e.m.w.i.f.ResourceFilteringBuildParticipant - Executing resource filtering for test
2025-03-12 15:10:44,064 [Worker-49: Building] WARN  o.e.m.c.i.embedder.EclipseLogger - Using platform encoding (UTF-8 actually) to copy filtered resources, i.e. build is platform dependent!
2025-03-12 15:11:07,720 [Worker-38: Building] WARN  o.e.m.c.i.embedder.EclipseLogger - Using platform encoding (UTF-8 actually) to copy filtered resources, i.e. build is platform dependent!
2025-03-12 15:11:07,725 [Worker-38: Building] INFO  o.e.m.c.i.embedder.EclipseLogger - Copying 0 resource
2025-03-12 15:11:07,726 [Worker-38: Building] WARN  o.e.m.c.i.embedder.EclipseLogger - Using platform encoding (UTF-8 actually) to copy filtered resources, i.e. build is platform dependent!
2025-03-12 15:11:07,727 [Worker-38: Building] INFO  o.e.m.c.i.embedder.EclipseLogger - Copying 0 resource
2025-03-12 15:11:33,958 [Worker-50: Building] WARN  o.e.m.c.i.embedder.EclipseLogger - Using platform encoding (UTF-8 actually) to copy filtered resources, i.e. build is platform dependent!
2025-03-12 15:11:33,960 [Worker-50: Building] INFO  o.e.m.c.i.embedder.EclipseLogger - Copying 0 resource
2025-03-12 15:11:33,961 [Worker-50: Building] WARN  o.e.m.c.i.embedder.EclipseLogger - Using platform encoding (UTF-8 actually) to copy filtered resources, i.e. build is platform dependent!
2025-03-12 15:11:33,962 [Worker-50: Building] INFO  o.e.m.c.i.embedder.EclipseLogger - Copying 0 resource
2025-03-12 15:11:50,132 [Worker-38: Building] WARN  o.e.m.c.i.embedder.EclipseLogger - Using platform encoding (UTF-8 actually) to copy filtered resources, i.e. build is platform dependent!
2025-03-12 15:11:50,134 [Worker-38: Building] INFO  o.e.m.c.i.embedder.EclipseLogger - Copying 0 resource
2025-03-12 15:11:50,135 [Worker-38: Building] WARN  o.e.m.c.i.embedder.EclipseLogger - Using platform encoding (UTF-8 actually) to copy filtered resources, i.e. build is platform dependent!
2025-03-12 15:11:50,136 [Worker-38: Building] INFO  o.e.m.c.i.embedder.EclipseLogger - Copying 0 resource
2025-03-12 15:11:53,286 [Worker-53: Building] WARN  o.e.m.c.i.embedder.EclipseLogger - Using platform encoding (UTF-8 actually) to copy filtered resources, i.e. build is platform dependent!
2025-03-12 15:11:53,291 [Worker-53: Building] INFO  o.e.m.c.i.embedder.EclipseLogger - Copying 0 resource
2025-03-12 15:11:53,292 [Worker-53: Building] WARN  o.e.m.c.i.embedder.EclipseLogger - Using platform encoding (UTF-8 actually) to copy filtered resources, i.e. build is platform dependent!
2025-03-12 15:11:53,294 [Worker-53: Building] INFO  o.e.m.c.i.embedder.EclipseLogger - Copying 0 resource
2025-03-12 15:12:47,239 [Worker-53: Updating Maven Project] INFO  o.e.m.c.i.p.ProjectConfigurationManager - Update started
2025-03-12 15:12:47,273 [Worker-53: Updating Maven Project] INFO  o.e.m.c.i.l.LifecycleMappingFactory - Using org.maven.ide.eclipse.wtp.WarLifecycleMapping lifecycle mapping for MavenProject: com.my:test:0.0.1-SNAPSHOT @ E:\dwit\appdev\pjworkspace\test\pom.xml.
2025-03-12 15:12:47,576 [Worker-53: Updating Maven Project] INFO  o.e.m.j.i.AbstractJavaProjectConfigurator - Adding source folder /test/src/main/java
2025-03-12 15:12:47,576 [Worker-53: Updating Maven Project] INFO  o.e.m.j.i.AbstractJavaProjectConfigurator - Adding resource folder /test/src/main/resources
2025-03-12 15:12:47,576 [Worker-53: Updating Maven Project] INFO  o.e.m.j.i.AbstractJavaProjectConfigurator - Adding source folder /test/src/test/java
2025-03-12 15:12:47,577 [Worker-53: Updating Maven Project] INFO  o.e.m.j.i.AbstractJavaProjectConfigurator - Adding resource folder /test/src/test/resources
2025-03-12 15:12:47,924 [Worker-53: Updating Maven Project] INFO  o.e.m.w.i.f.ResourceFilteringBuildParticipant - Cleaning filtered folder for test
2025-03-12 15:12:47,930 [Worker-53: Updating Maven Project] INFO  o.e.m.c.i.p.ProjectConfigurationManager - Update completed: 0 sec
2025-03-12 15:12:48,576 [Worker-38: Building Project test] WARN  o.e.m.c.i.embedder.EclipseLogger - Using platform encoding (UTF-8 actually) to copy filtered resources, i.e. build is platform dependent!
2025-03-12 15:12:48,581 [Worker-38: Building Project test] INFO  o.e.m.c.i.embedder.EclipseLogger - Copying 0 resource
2025-03-12 15:12:48,582 [Worker-38: Building Project test] WARN  o.e.m.c.i.embedder.EclipseLogger - Using platform encoding (UTF-8 actually) to copy filtered resources, i.e. build is platform dependent!
2025-03-12 15:12:48,584 [Worker-38: Building Project test] INFO  o.e.m.c.i.embedder.EclipseLogger - Copying 0 resource
2025-03-12 15:12:48,585 [Worker-38: Building Project test] INFO  o.e.m.w.i.f.ResourceFilteringBuildParticipant - Changed resources require a complete clean of filtered resources of test
2025-03-12 15:12:48,585 [Worker-38: Building Project test] INFO  o.e.m.w.i.f.ResourceFilteringBuildParticipant - Executing resource filtering for test
2025-03-12 15:12:48,598 [Worker-38: Building Project test] WARN  o.e.m.c.i.embedder.EclipseLogger - Using platform encoding (UTF-8 actually) to copy filtered resources, i.e. build is platform dependent!
2025-03-12 15:13:04,393 [Worker-51: Building] WARN  o.e.m.c.i.embedder.EclipseLogger - Using platform encoding (UTF-8 actually) to copy filtered resources, i.e. build is platform dependent!
2025-03-12 15:13:04,398 [Worker-51: Building] INFO  o.e.m.c.i.embedder.EclipseLogger - Copying 0 resource
2025-03-12 15:13:04,400 [Worker-51: Building] WARN  o.e.m.c.i.embedder.EclipseLogger - Using platform encoding (UTF-8 actually) to copy filtered resources, i.e. build is platform dependent!
2025-03-12 15:13:04,401 [Worker-51: Building] INFO  o.e.m.c.i.embedder.EclipseLogger - Copying 0 resource
2025-03-12 15:13:04,416 [Worker-51: Building] WARN  o.e.m.c.i.embedder.EclipseLogger - Using platform encoding (UTF-8 actually) to copy filtered resources, i.e. build is platform dependent!
2025-03-12 15:13:04,418 [Worker-51: Building] INFO  o.e.m.c.i.embedder.EclipseLogger - skip non existing resourceDirectory E:\dwit\appdev\pjworkspace\shoesphere\src\main\resources
2025-03-12 15:13:04,420 [Worker-51: Building] WARN  o.e.m.c.i.embedder.EclipseLogger - Using platform encoding (UTF-8 actually) to copy filtered resources, i.e. build is platform dependent!
2025-03-12 15:13:04,421 [Worker-51: Building] INFO  o.e.m.c.i.embedder.EclipseLogger - skip non existing resourceDirectory E:\dwit\appdev\pjworkspace\shoesphere\src\test\resources
2025-03-12 15:13:04,431 [Worker-51: Building] WARN  o.e.m.c.i.embedder.EclipseLogger - Using platform encoding (UTF-8 actually) to copy filtered resources, i.e. build is platform dependent!
2025-03-12 15:13:04,433 [Worker-51: Building] INFO  o.e.m.c.i.embedder.EclipseLogger - Copying 0 resource
2025-03-12 15:13:04,434 [Worker-51: Building] WARN  o.e.m.c.i.embedder.EclipseLogger - Using platform encoding (UTF-8 actually) to copy filtered resources, i.e. build is platform dependent!
2025-03-12 15:13:04,436 [Worker-51: Building] INFO  o.e.m.c.i.embedder.EclipseLogger - Copying 0 resource
2025-03-12 15:13:05,626 [Worker-38: Building] WARN  o.e.m.c.i.embedder.EclipseLogger - Using platform encoding (UTF-8 actually) to copy filtered resources, i.e. build is platform dependent!
2025-03-12 15:13:05,631 [Worker-38: Building] INFO  o.e.m.c.i.embedder.EclipseLogger - Copying 0 resource
2025-03-12 15:13:05,632 [Worker-38: Building] WARN  o.e.m.c.i.embedder.EclipseLogger - Using platform encoding (UTF-8 actually) to copy filtered resources, i.e. build is platform dependent!
2025-03-12 15:13:05,635 [Worker-38: Building] INFO  o.e.m.c.i.embedder.EclipseLogger - Copying 0 resource
2025-03-12 15:14:51,638 [Worker-51: Building] WARN  o.e.m.c.i.embedder.EclipseLogger - Using platform encoding (UTF-8 actually) to copy filtered resources, i.e. build is platform dependent!
2025-03-12 15:14:51,643 [Worker-51: Building] INFO  o.e.m.c.i.embedder.EclipseLogger - Copying 0 resource
2025-03-12 15:14:51,644 [Worker-51: Building] WARN  o.e.m.c.i.embedder.EclipseLogger - Using platform encoding (UTF-8 actually) to copy filtered resources, i.e. build is platform dependent!
2025-03-12 15:14:51,646 [Worker-51: Building] INFO  o.e.m.c.i.embedder.EclipseLogger - Copying 0 resource
2025-03-12 15:16:05,417 [Worker-58: Building] WARN  o.e.m.c.i.embedder.EclipseLogger - Using platform encoding (UTF-8 actually) to copy filtered resources, i.e. build is platform dependent!
2025-03-12 15:16:05,419 [Worker-58: Building] INFO  o.e.m.c.i.embedder.EclipseLogger - Copying 0 resource
2025-03-12 15:16:05,420 [Worker-58: Building] WARN  o.e.m.c.i.embedder.EclipseLogger - Using platform encoding (UTF-8 actually) to copy filtered resources, i.e. build is platform dependent!
2025-03-12 15:16:05,422 [Worker-58: Building] INFO  o.e.m.c.i.embedder.EclipseLogger - Copying 0 resource
2025-03-12 15:17:10,310 [Worker-59: Building] WARN  o.e.m.c.i.embedder.EclipseLogger - Using platform encoding (UTF-8 actually) to copy filtered resources, i.e. build is platform dependent!
2025-03-12 15:17:10,314 [Worker-59: Building] INFO  o.e.m.c.i.embedder.EclipseLogger - Copying 0 resource
2025-03-12 15:17:10,316 [Worker-59: Building] WARN  o.e.m.c.i.embedder.EclipseLogger - Using platform encoding (UTF-8 actually) to copy filtered resources, i.e. build is platform dependent!
2025-03-12 15:17:10,318 [Worker-59: Building] INFO  o.e.m.c.i.embedder.EclipseLogger - Copying 0 resource
2025-03-12 15:19:26,309 [Worker-49: Building] WARN  o.e.m.c.i.embedder.EclipseLogger - Using platform encoding (UTF-8 actually) to copy filtered resources, i.e. build is platform dependent!
2025-03-12 15:19:26,310 [Worker-49: Building] INFO  o.e.m.c.i.embedder.EclipseLogger - Copying 0 resource
2025-03-12 15:19:26,312 [Worker-49: Building] WARN  o.e.m.c.i.embedder.EclipseLogger - Using platform encoding (UTF-8 actually) to copy filtered resources, i.e. build is platform dependent!
2025-03-12 15:19:26,313 [Worker-49: Building] INFO  o.e.m.c.i.embedder.EclipseLogger - Copying 0 resource
2025-03-12 15:20:42,383 [Worker-58: Building] WARN  o.e.m.c.i.embedder.EclipseLogger - Using platform encoding (UTF-8 actually) to copy filtered resources, i.e. build is platform dependent!
2025-03-12 15:20:42,388 [Worker-58: Building] INFO  o.e.m.c.i.embedder.EclipseLogger - Copying 0 resource
2025-03-12 15:20:42,390 [Worker-58: Building] WARN  o.e.m.c.i.embedder.EclipseLogger - Using platform encoding (UTF-8 actually) to copy filtered resources, i.e. build is platform dependent!
2025-03-12 15:20:42,391 [Worker-58: Building] INFO  o.e.m.c.i.embedder.EclipseLogger - Copying 0 resource
2025-03-12 15:21:58,159 [Worker-65: Building] WARN  o.e.m.c.i.embedder.EclipseLogger - Using platform encoding (UTF-8 actually) to copy filtered resources, i.e. build is platform dependent!
2025-03-12 15:21:58,164 [Worker-65: Building] INFO  o.e.m.c.i.embedder.EclipseLogger - Copying 0 resource
2025-03-12 15:21:58,165 [Worker-65: Building] WARN  o.e.m.c.i.embedder.EclipseLogger - Using platform encoding (UTF-8 actually) to copy filtered resources, i.e. build is platform dependent!
2025-03-12 15:21:58,167 [Worker-65: Building] INFO  o.e.m.c.i.embedder.EclipseLogger - Copying 0 resource
2025-03-12 15:21:58,441 [Worker-65: Building] WARN  o.e.m.c.i.embedder.EclipseLogger - Using platform encoding (UTF-8 actually) to copy filtered resources, i.e. build is platform dependent!
2025-03-12 15:21:58,446 [Worker-65: Building] INFO  o.e.m.c.i.embedder.EclipseLogger - Copying 0 resource
2025-03-12 15:21:58,447 [Worker-65: Building] WARN  o.e.m.c.i.embedder.EclipseLogger - Using platform encoding (UTF-8 actually) to copy filtered resources, i.e. build is platform dependent!
2025-03-12 15:21:58,450 [Worker-65: Building] INFO  o.e.m.c.i.embedder.EclipseLogger - Copying 0 resource
2025-03-12 15:25:26,837 [Worker-69: Building] WARN  o.e.m.c.i.embedder.EclipseLogger - Using platform encoding (UTF-8 actually) to copy filtered resources, i.e. build is platform dependent!
2025-03-12 15:25:26,839 [Worker-69: Building] INFO  o.e.m.c.i.embedder.EclipseLogger - Copying 0 resource
2025-03-12 15:25:26,840 [Worker-69: Building] WARN  o.e.m.c.i.embedder.EclipseLogger - Using platform encoding (UTF-8 actually) to copy filtered resources, i.e. build is platform dependent!
2025-03-12 15:25:26,841 [Worker-69: Building] INFO  o.e.m.c.i.embedder.EclipseLogger - Copying 0 resource
2025-03-12 15:26:05,741 [Worker-64: Cleaning selected projects] INFO  o.e.m.w.i.f.ResourceFilteringBuildParticipant - Cleaning filtered folder for mergeproject
2025-03-12 15:26:05,777 [Worker-64: Cleaning selected projects] INFO  o.e.m.w.i.f.ResourceFilteringBuildParticipant - Cleaning filtered folder for shoesphere
2025-03-12 15:26:05,789 [Worker-64: Cleaning selected projects] INFO  o.e.m.w.i.f.ResourceFilteringBuildParticipant - Cleaning filtered folder for test
2025-03-12 15:26:06,312 [Worker-67: Building] WARN  o.e.m.c.i.embedder.EclipseLogger - Using platform encoding (UTF-8 actually) to copy filtered resources, i.e. build is platform dependent!
2025-03-12 15:26:06,317 [Worker-67: Building] INFO  o.e.m.c.i.embedder.EclipseLogger - Copying 0 resource
2025-03-12 15:26:06,318 [Worker-67: Building] WARN  o.e.m.c.i.embedder.EclipseLogger - Using platform encoding (UTF-8 actually) to copy filtered resources, i.e. build is platform dependent!
2025-03-12 15:26:06,319 [Worker-67: Building] INFO  o.e.m.c.i.embedder.EclipseLogger - Copying 0 resource
2025-03-12 15:26:06,320 [Worker-67: Building] INFO  o.e.m.w.i.f.ResourceFilteringBuildParticipant - Changed resources require a complete clean of filtered resources of mergeproject
2025-03-12 15:26:06,320 [Worker-67: Building] INFO  o.e.m.w.i.f.ResourceFilteringBuildParticipant - Executing resource filtering for mergeproject
2025-03-12 15:26:06,335 [Worker-67: Building] WARN  o.e.m.c.i.embedder.EclipseLogger - Using platform encoding (UTF-8 actually) to copy filtered resources, i.e. build is platform dependent!
2025-03-12 15:26:06,496 [Worker-67: Building] WARN  o.e.m.c.i.embedder.EclipseLogger - Using platform encoding (UTF-8 actually) to copy filtered resources, i.e. build is platform dependent!
2025-03-12 15:26:06,498 [Worker-67: Building] INFO  o.e.m.c.i.embedder.EclipseLogger - skip non existing resourceDirectory E:\dwit\appdev\pjworkspace\shoesphere\src\main\resources
2025-03-12 15:26:06,499 [Worker-67: Building] WARN  o.e.m.c.i.embedder.EclipseLogger - Using platform encoding (UTF-8 actually) to copy filtered resources, i.e. build is platform dependent!
2025-03-12 15:26:06,501 [Worker-67: Building] INFO  o.e.m.c.i.embedder.EclipseLogger - skip non existing resourceDirectory E:\dwit\appdev\pjworkspace\shoesphere\src\test\resources
2025-03-12 15:26:06,502 [Worker-67: Building] INFO  o.e.m.w.i.f.ResourceFilteringBuildParticipant - Changed resources require a complete clean of filtered resources of shoesphere
2025-03-12 15:26:06,502 [Worker-67: Building] INFO  o.e.m.w.i.f.ResourceFilteringBuildParticipant - Executing resource filtering for shoesphere
2025-03-12 15:26:06,506 [Worker-67: Building] WARN  o.e.m.c.i.embedder.EclipseLogger - Using platform encoding (UTF-8 actually) to copy filtered resources, i.e. build is platform dependent!
2025-03-12 15:26:06,537 [Worker-67: Building] WARN  o.e.m.c.i.embedder.EclipseLogger - Using platform encoding (UTF-8 actually) to copy filtered resources, i.e. build is platform dependent!
2025-03-12 15:26:06,538 [Worker-67: Building] INFO  o.e.m.c.i.embedder.EclipseLogger - Copying 0 resource
2025-03-12 15:26:06,539 [Worker-67: Building] WARN  o.e.m.c.i.embedder.EclipseLogger - Using platform encoding (UTF-8 actually) to copy filtered resources, i.e. build is platform dependent!
2025-03-12 15:26:06,541 [Worker-67: Building] INFO  o.e.m.c.i.embedder.EclipseLogger - Copying 0 resource
2025-03-12 15:26:06,541 [Worker-67: Building] INFO  o.e.m.w.i.f.ResourceFilteringBuildParticipant - Changed resources require a complete clean of filtered resources of test
2025-03-12 15:26:06,541 [Worker-67: Building] INFO  o.e.m.w.i.f.ResourceFilteringBuildParticipant - Executing resource filtering for test
2025-03-12 15:26:06,545 [Worker-67: Building] WARN  o.e.m.c.i.embedder.EclipseLogger - Using platform encoding (UTF-8 actually) to copy filtered resources, i.e. build is platform dependent!
2025-03-12 15:27:35,088 [Worker-70: Building] WARN  o.e.m.c.i.embedder.EclipseLogger - Using platform encoding (UTF-8 actually) to copy filtered resources, i.e. build is platform dependent!
2025-03-12 15:27:35,093 [Worker-70: Building] INFO  o.e.m.c.i.embedder.EclipseLogger - Copying 0 resource
2025-03-12 15:27:35,095 [Worker-70: Building] WARN  o.e.m.c.i.embedder.EclipseLogger - Using platform encoding (UTF-8 actually) to copy filtered resources, i.e. build is platform dependent!
2025-03-12 15:27:35,097 [Worker-70: Building] INFO  o.e.m.c.i.embedder.EclipseLogger - Copying 0 resource
2025-03-12 15:28:05,290 [Worker-67: Building] WARN  o.e.m.c.i.embedder.EclipseLogger - Using platform encoding (UTF-8 actually) to copy filtered resources, i.e. build is platform dependent!
2025-03-12 15:28:05,294 [Worker-67: Building] INFO  o.e.m.c.i.embedder.EclipseLogger - Copying 0 resource
2025-03-12 15:28:05,296 [Worker-67: Building] WARN  o.e.m.c.i.embedder.EclipseLogger - Using platform encoding (UTF-8 actually) to copy filtered resources, i.e. build is platform dependent!
2025-03-12 15:28:05,297 [Worker-67: Building] INFO  o.e.m.c.i.embedder.EclipseLogger - Copying 0 resource
2025-03-12 15:29:43,226 [Worker-58: Building] WARN  o.e.m.c.i.embedder.EclipseLogger - Using platform encoding (UTF-8 actually) to copy filtered resources, i.e. build is platform dependent!
2025-03-12 15:29:43,231 [Worker-58: Building] INFO  o.e.m.c.i.embedder.EclipseLogger - Copying 0 resource
2025-03-12 15:29:43,233 [Worker-58: Building] WARN  o.e.m.c.i.embedder.EclipseLogger - Using platform encoding (UTF-8 actually) to copy filtered resources, i.e. build is platform dependent!
2025-03-12 15:29:43,235 [Worker-58: Building] INFO  o.e.m.c.i.embedder.EclipseLogger - Copying 0 resource
2025-03-12 15:30:41,054 [Worker-65: Building] WARN  o.e.m.c.i.embedder.EclipseLogger - Using platform encoding (UTF-8 actually) to copy filtered resources, i.e. build is platform dependent!
2025-03-12 15:30:41,056 [Worker-65: Building] INFO  o.e.m.c.i.embedder.EclipseLogger - Copying 0 resource
2025-03-12 15:30:41,057 [Worker-65: Building] WARN  o.e.m.c.i.embedder.EclipseLogger - Using platform encoding (UTF-8 actually) to copy filtered resources, i.e. build is platform dependent!
2025-03-12 15:30:41,058 [Worker-65: Building] INFO  o.e.m.c.i.embedder.EclipseLogger - Copying 0 resource
2025-03-12 15:30:58,453 [Worker-63: Building] WARN  o.e.m.c.i.embedder.EclipseLogger - Using platform encoding (UTF-8 actually) to copy filtered resources, i.e. build is platform dependent!
2025-03-12 15:30:58,457 [Worker-63: Building] INFO  o.e.m.c.i.embedder.EclipseLogger - Copying 0 resource
2025-03-12 15:30:58,458 [Worker-63: Building] WARN  o.e.m.c.i.embedder.EclipseLogger - Using platform encoding (UTF-8 actually) to copy filtered resources, i.e. build is platform dependent!
2025-03-12 15:30:58,459 [Worker-63: Building] INFO  o.e.m.c.i.embedder.EclipseLogger - Copying 0 resource
2025-03-12 15:35:17,424 [Worker-64: Building] WARN  o.e.m.c.i.embedder.EclipseLogger - Using platform encoding (UTF-8 actually) to copy filtered resources, i.e. build is platform dependent!
2025-03-12 15:35:17,430 [Worker-64: Building] INFO  o.e.m.c.i.embedder.EclipseLogger - Copying 0 resource
2025-03-12 15:35:17,431 [Worker-64: Building] WARN  o.e.m.c.i.embedder.EclipseLogger - Using platform encoding (UTF-8 actually) to copy filtered resources, i.e. build is platform dependent!
2025-03-12 15:35:17,432 [Worker-64: Building] INFO  o.e.m.c.i.embedder.EclipseLogger - Copying 0 resource
2025-03-12 15:38:43,994 [Worker-76: Building] WARN  o.e.m.c.i.embedder.EclipseLogger - Using platform encoding (UTF-8 actually) to copy filtered resources, i.e. build is platform dependent!
2025-03-12 15:38:43,996 [Worker-76: Building] INFO  o.e.m.c.i.embedder.EclipseLogger - Copying 0 resource
2025-03-12 15:38:43,997 [Worker-76: Building] WARN  o.e.m.c.i.embedder.EclipseLogger - Using platform encoding (UTF-8 actually) to copy filtered resources, i.e. build is platform dependent!
2025-03-12 15:38:43,998 [Worker-76: Building] INFO  o.e.m.c.i.embedder.EclipseLogger - Copying 0 resource
2025-03-12 15:40:02,454 [Worker-74: Building] WARN  o.e.m.c.i.embedder.EclipseLogger - Using platform encoding (UTF-8 actually) to copy filtered resources, i.e. build is platform dependent!
2025-03-12 15:40:02,459 [Worker-74: Building] INFO  o.e.m.c.i.embedder.EclipseLogger - Copying 0 resource
2025-03-12 15:40:02,460 [Worker-74: Building] WARN  o.e.m.c.i.embedder.EclipseLogger - Using platform encoding (UTF-8 actually) to copy filtered resources, i.e. build is platform dependent!
2025-03-12 15:40:02,462 [Worker-74: Building] INFO  o.e.m.c.i.embedder.EclipseLogger - Copying 0 resource
2025-03-12 15:44:27,172 [Worker-82: Building] WARN  o.e.m.c.i.embedder.EclipseLogger - Using platform encoding (UTF-8 actually) to copy filtered resources, i.e. build is platform dependent!
2025-03-12 15:44:27,173 [Worker-82: Building] INFO  o.e.m.c.i.embedder.EclipseLogger - Copying 0 resource
2025-03-12 15:44:27,175 [Worker-82: Building] WARN  o.e.m.c.i.embedder.EclipseLogger - Using platform encoding (UTF-8 actually) to copy filtered resources, i.e. build is platform dependent!
2025-03-12 15:44:27,176 [Worker-82: Building] INFO  o.e.m.c.i.embedder.EclipseLogger - Copying 0 resource
2025-03-12 15:49:42,010 [Worker-87: Building] WARN  o.e.m.c.i.embedder.EclipseLogger - Using platform encoding (UTF-8 actually) to copy filtered resources, i.e. build is platform dependent!
2025-03-12 15:49:42,011 [Worker-87: Building] INFO  o.e.m.c.i.embedder.EclipseLogger - Copying 0 resource
2025-03-12 15:49:42,012 [Worker-87: Building] WARN  o.e.m.c.i.embedder.EclipseLogger - Using platform encoding (UTF-8 actually) to copy filtered resources, i.e. build is platform dependent!
2025-03-12 15:49:42,013 [Worker-87: Building] INFO  o.e.m.c.i.embedder.EclipseLogger - Copying 0 resource
2025-03-12 15:52:08,626 [Worker-92: Building] WARN  o.e.m.c.i.embedder.EclipseLogger - Using platform encoding (UTF-8 actually) to copy filtered resources, i.e. build is platform dependent!
2025-03-12 15:52:08,631 [Worker-92: Building] INFO  o.e.m.c.i.embedder.EclipseLogger - Copying 0 resource
2025-03-12 15:52:08,632 [Worker-92: Building] WARN  o.e.m.c.i.embedder.EclipseLogger - Using platform encoding (UTF-8 actually) to copy filtered resources, i.e. build is platform dependent!
2025-03-12 15:52:08,633 [Worker-92: Building] INFO  o.e.m.c.i.embedder.EclipseLogger - Copying 0 resource
2025-03-12 15:52:50,727 [Worker-96: Building] WARN  o.e.m.c.i.embedder.EclipseLogger - Using platform encoding (UTF-8 actually) to copy filtered resources, i.e. build is platform dependent!
2025-03-12 15:52:50,728 [Worker-96: Building] INFO  o.e.m.c.i.embedder.EclipseLogger - Copying 0 resource
2025-03-12 15:52:50,730 [Worker-96: Building] WARN  o.e.m.c.i.embedder.EclipseLogger - Using platform encoding (UTF-8 actually) to copy filtered resources, i.e. build is platform dependent!
2025-03-12 15:52:50,731 [Worker-96: Building] INFO  o.e.m.c.i.embedder.EclipseLogger - Copying 0 resource
2025-03-12 15:52:57,482 [Worker-95: Building] WARN  o.e.m.c.i.embedder.EclipseLogger - Using platform encoding (UTF-8 actually) to copy filtered resources, i.e. build is platform dependent!
2025-03-12 15:52:57,486 [Worker-95: Building] INFO  o.e.m.c.i.embedder.EclipseLogger - Copying 0 resource
2025-03-12 15:52:57,487 [Worker-95: Building] WARN  o.e.m.c.i.embedder.EclipseLogger - Using platform encoding (UTF-8 actually) to copy filtered resources, i.e. build is platform dependent!
2025-03-12 15:52:57,488 [Worker-95: Building] INFO  o.e.m.c.i.embedder.EclipseLogger - Copying 0 resource
2025-03-12 16:16:25,418 [Worker-101: Building] WARN  o.e.m.c.i.embedder.EclipseLogger - Using platform encoding (UTF-8 actually) to copy filtered resources, i.e. build is platform dependent!
2025-03-12 16:16:25,422 [Worker-101: Building] INFO  o.e.m.c.i.embedder.EclipseLogger - Copying 0 resource
2025-03-12 16:16:25,423 [Worker-101: Building] WARN  o.e.m.c.i.embedder.EclipseLogger - Using platform encoding (UTF-8 actually) to copy filtered resources, i.e. build is platform dependent!
2025-03-12 16:16:25,425 [Worker-101: Building] INFO  o.e.m.c.i.embedder.EclipseLogger - Copying 0 resource
2025-03-13 09:19:44,990 [Worker-6: Loading available Gradle versions] INFO  o.e.b.c.i.u.g.PublishedGradleVersions - Gradle version information cache is up-to-date. Trying to read.
2025-03-14 14:23:03,246 [Worker-3: Loading available Gradle versions] INFO  o.e.b.c.i.u.g.PublishedGradleVersions - Gradle version information cache is not available. Remote download required.
2025-03-14 14:23:11,876 [Worker-9: Building] INFO  o.e.m.c.i.e.AbstractTransferListenerAdapter - Downloading https://repo.maven.apache.org/maven2/org/apache/maven/plugins/maven-resources-plugin/2.6/maven-resources-plugin-2.6.pom
2025-03-14 14:23:11,913 [Worker-9: Building] INFO  o.e.m.c.i.e.AbstractTransferListenerAdapter - Downloaded https://repo.maven.apache.org/maven2/org/apache/maven/plugins/maven-resources-plugin/2.6/maven-resources-plugin-2.6.pom
2025-03-14 14:23:11,923 [Worker-9: Building] INFO  o.e.m.c.i.e.AbstractTransferListenerAdapter - Downloading https://repo.maven.apache.org/maven2/org/apache/maven/plugins/maven-plugins/23/maven-plugins-23.pom
2025-03-14 14:23:11,953 [Worker-9: Building] INFO  o.e.m.c.i.e.AbstractTransferListenerAdapter - Downloaded https://repo.maven.apache.org/maven2/org/apache/maven/plugins/maven-plugins/23/maven-plugins-23.pom
2025-03-14 14:23:11,961 [Worker-9: Building] INFO  o.e.m.c.i.e.AbstractTransferListenerAdapter - Downloading https://repo.maven.apache.org/maven2/org/apache/maven/maven-parent/22/maven-parent-22.pom
2025-03-14 14:23:11,997 [Worker-9: Building] INFO  o.e.m.c.i.e.AbstractTransferListenerAdapter - Downloaded https://repo.maven.apache.org/maven2/org/apache/maven/maven-parent/22/maven-parent-22.pom
2025-03-14 14:23:12,016 [Worker-9: Building] INFO  o.e.m.c.i.e.AbstractTransferListenerAdapter - Downloading https://repo.maven.apache.org/maven2/org/apache/apache/11/apache-11.pom
2025-03-14 14:23:12,049 [Worker-9: Building] INFO  o.e.m.c.i.e.AbstractTransferListenerAdapter - Downloaded https://repo.maven.apache.org/maven2/org/apache/apache/11/apache-11.pom
2025-03-14 14:23:12,059 [Worker-9: Building] INFO  o.e.m.c.i.e.AbstractTransferListenerAdapter - Downloading https://repo.maven.apache.org/maven2/org/apache/maven/plugins/maven-resources-plugin/2.6/maven-resources-plugin-2.6.jar
2025-03-14 14:23:12,196 [Worker-9: Building] INFO  o.e.m.c.i.e.AbstractTransferListenerAdapter - Downloaded https://repo.maven.apache.org/maven2/org/apache/maven/plugins/maven-resources-plugin/2.6/maven-resources-plugin-2.6.jar
2025-03-14 14:23:12,493 [Worker-9: Building] INFO  o.e.m.c.i.e.AbstractTransferListenerAdapter - Downloading https://repo.maven.apache.org/maven2/org/apache/maven/plugins/maven-compiler-plugin/3.1/maven-compiler-plugin-3.1.pom
2025-03-14 14:23:12,543 [Worker-9: Building] INFO  o.e.m.c.i.e.AbstractTransferListenerAdapter - Downloaded https://repo.maven.apache.org/maven2/org/apache/maven/plugins/maven-compiler-plugin/3.1/maven-compiler-plugin-3.1.pom
2025-03-14 14:23:12,554 [Worker-9: Building] INFO  o.e.m.c.i.e.AbstractTransferListenerAdapter - Downloading https://repo.maven.apache.org/maven2/org/apache/maven/plugins/maven-plugins/24/maven-plugins-24.pom
2025-03-14 14:23:12,588 [Worker-9: Building] INFO  o.e.m.c.i.e.AbstractTransferListenerAdapter - Downloaded https://repo.maven.apache.org/maven2/org/apache/maven/plugins/maven-plugins/24/maven-plugins-24.pom
2025-03-14 14:23:12,629 [Worker-9: Building] INFO  o.e.m.c.i.e.AbstractTransferListenerAdapter - Downloading https://repo.maven.apache.org/maven2/org/apache/maven/plugins/maven-compiler-plugin/3.1/maven-compiler-plugin-3.1.jar
2025-03-14 14:23:12,823 [Worker-9: Building] INFO  o.e.m.c.i.e.AbstractTransferListenerAdapter - Downloaded https://repo.maven.apache.org/maven2/org/apache/maven/plugins/maven-compiler-plugin/3.1/maven-compiler-plugin-3.1.jar
2025-03-14 14:23:13,259 [Worker-9: Building] INFO  o.e.m.c.i.e.AbstractTransferListenerAdapter - Downloading https://repo.maven.apache.org/maven2/org/apache/maven/maven-plugin-api/2.0.6/maven-plugin-api-2.0.6.pom
2025-03-14 14:23:13,290 [Worker-9: Building] INFO  o.e.m.c.i.e.AbstractTransferListenerAdapter - Downloaded https://repo.maven.apache.org/maven2/org/apache/maven/maven-plugin-api/2.0.6/maven-plugin-api-2.0.6.pom
2025-03-14 14:23:13,299 [Worker-9: Building] INFO  o.e.m.c.i.e.AbstractTransferListenerAdapter - Downloading https://repo.maven.apache.org/maven2/org/apache/maven/maven/2.0.6/maven-2.0.6.pom
2025-03-14 14:23:13,332 [Worker-9: Building] INFO  o.e.m.c.i.e.AbstractTransferListenerAdapter - Downloaded https://repo.maven.apache.org/maven2/org/apache/maven/maven/2.0.6/maven-2.0.6.pom
2025-03-14 14:23:13,339 [Worker-9: Building] INFO  o.e.m.c.i.e.AbstractTransferListenerAdapter - Downloading https://repo.maven.apache.org/maven2/org/apache/maven/maven-parent/5/maven-parent-5.pom
2025-03-14 14:23:13,371 [Worker-9: Building] INFO  o.e.m.c.i.e.AbstractTransferListenerAdapter - Downloaded https://repo.maven.apache.org/maven2/org/apache/maven/maven-parent/5/maven-parent-5.pom
2025-03-14 14:23:13,379 [Worker-9: Building] INFO  o.e.m.c.i.e.AbstractTransferListenerAdapter - Downloading https://repo.maven.apache.org/maven2/org/apache/apache/3/apache-3.pom
2025-03-14 14:23:13,406 [Worker-9: Building] INFO  o.e.m.c.i.e.AbstractTransferListenerAdapter - Downloaded https://repo.maven.apache.org/maven2/org/apache/apache/3/apache-3.pom
2025-03-14 14:23:13,419 [Worker-9: Building] INFO  o.e.m.c.i.e.AbstractTransferListenerAdapter - Downloading https://repo.maven.apache.org/maven2/org/apache/maven/maven-project/2.0.6/maven-project-2.0.6.pom
2025-03-14 14:23:13,446 [Worker-9: Building] INFO  o.e.m.c.i.e.AbstractTransferListenerAdapter - Downloaded https://repo.maven.apache.org/maven2/org/apache/maven/maven-project/2.0.6/maven-project-2.0.6.pom
2025-03-14 14:23:13,456 [Worker-9: Building] INFO  o.e.m.c.i.e.AbstractTransferListenerAdapter - Downloading https://repo.maven.apache.org/maven2/org/apache/maven/maven-settings/2.0.6/maven-settings-2.0.6.pom
2025-03-14 14:23:13,483 [Worker-9: Building] INFO  o.e.m.c.i.e.AbstractTransferListenerAdapter - Downloaded https://repo.maven.apache.org/maven2/org/apache/maven/maven-settings/2.0.6/maven-settings-2.0.6.pom
2025-03-14 14:23:13,492 [Worker-9: Building] INFO  o.e.m.c.i.e.AbstractTransferListenerAdapter - Downloading https://repo.maven.apache.org/maven2/org/apache/maven/maven-model/2.0.6/maven-model-2.0.6.pom
2025-03-14 14:23:13,515 [Worker-9: Building] INFO  o.e.m.c.i.e.AbstractTransferListenerAdapter - Downloaded https://repo.maven.apache.org/maven2/org/apache/maven/maven-model/2.0.6/maven-model-2.0.6.pom
2025-03-14 14:23:13,524 [Worker-9: Building] INFO  o.e.m.c.i.e.AbstractTransferListenerAdapter - Downloading https://repo.maven.apache.org/maven2/org/codehaus/plexus/plexus-utils/1.4.1/plexus-utils-1.4.1.pom
2025-03-14 14:23:13,553 [Worker-9: Building] INFO  o.e.m.c.i.e.AbstractTransferListenerAdapter - Downloaded https://repo.maven.apache.org/maven2/org/codehaus/plexus/plexus-utils/1.4.1/plexus-utils-1.4.1.pom
2025-03-14 14:23:13,585 [Worker-9: Building] INFO  o.e.m.c.i.e.AbstractTransferListenerAdapter - Downloading https://repo.maven.apache.org/maven2/org/codehaus/plexus/plexus-container-default/1.0-alpha-9-stable-1/plexus-container-default-1.0-alpha-9-stable-1.pom
2025-03-14 14:23:13,609 [Worker-9: Building] INFO  o.e.m.c.i.e.AbstractTransferListenerAdapter - Downloaded https://repo.maven.apache.org/maven2/org/codehaus/plexus/plexus-container-default/1.0-alpha-9-stable-1/plexus-container-default-1.0-alpha-9-stable-1.pom
2025-03-14 14:23:13,617 [Worker-9: Building] INFO  o.e.m.c.i.e.AbstractTransferListenerAdapter - Downloading https://repo.maven.apache.org/maven2/org/codehaus/plexus/plexus-containers/1.0.3/plexus-containers-1.0.3.pom
2025-03-14 14:23:13,640 [Worker-9: Building] INFO  o.e.m.c.i.e.AbstractTransferListenerAdapter - Downloaded https://repo.maven.apache.org/maven2/org/codehaus/plexus/plexus-containers/1.0.3/plexus-containers-1.0.3.pom
2025-03-14 14:23:13,648 [Worker-9: Building] INFO  o.e.m.c.i.e.AbstractTransferListenerAdapter - Downloading https://repo.maven.apache.org/maven2/org/codehaus/plexus/plexus/1.0.4/plexus-1.0.4.pom
2025-03-14 14:23:13,672 [Worker-9: Building] INFO  o.e.m.c.i.e.AbstractTransferListenerAdapter - Downloaded https://repo.maven.apache.org/maven2/org/codehaus/plexus/plexus/1.0.4/plexus-1.0.4.pom
2025-03-14 14:23:13,681 [Worker-9: Building] INFO  o.e.m.c.i.e.AbstractTransferListenerAdapter - Downloading https://repo.maven.apache.org/maven2/junit/junit/3.8.1/junit-3.8.1.pom
2025-03-14 14:23:13,704 [Worker-9: Building] INFO  o.e.m.c.i.e.AbstractTransferListenerAdapter - Downloaded https://repo.maven.apache.org/maven2/junit/junit/3.8.1/junit-3.8.1.pom
2025-03-14 14:23:13,711 [Worker-9: Building] INFO  o.e.m.c.i.e.AbstractTransferListenerAdapter - Downloading https://repo.maven.apache.org/maven2/org/codehaus/plexus/plexus-utils/1.0.4/plexus-utils-1.0.4.pom
2025-03-14 14:23:13,736 [Worker-9: Building] INFO  o.e.m.c.i.e.AbstractTransferListenerAdapter - Downloaded https://repo.maven.apache.org/maven2/org/codehaus/plexus/plexus-utils/1.0.4/plexus-utils-1.0.4.pom
2025-03-14 14:23:13,746 [Worker-9: Building] INFO  o.e.m.c.i.e.AbstractTransferListenerAdapter - Downloading https://repo.maven.apache.org/maven2/classworlds/classworlds/1.1-alpha-2/classworlds-1.1-alpha-2.pom
2025-03-14 14:23:13,774 [Worker-9: Building] INFO  o.e.m.c.i.e.AbstractTransferListenerAdapter - Downloaded https://repo.maven.apache.org/maven2/classworlds/classworlds/1.1-alpha-2/classworlds-1.1-alpha-2.pom
2025-03-14 14:23:13,783 [Worker-9: Building] INFO  o.e.m.c.i.e.AbstractTransferListenerAdapter - Downloading https://repo.maven.apache.org/maven2/org/apache/maven/maven-profile/2.0.6/maven-profile-2.0.6.pom
2025-03-14 14:23:13,806 [Worker-9: Building] INFO  o.e.m.c.i.e.AbstractTransferListenerAdapter - Downloaded https://repo.maven.apache.org/maven2/org/apache/maven/maven-profile/2.0.6/maven-profile-2.0.6.pom
2025-03-14 14:23:13,815 [Worker-9: Building] INFO  o.e.m.c.i.e.AbstractTransferListenerAdapter - Downloading https://repo.maven.apache.org/maven2/org/apache/maven/maven-artifact-manager/2.0.6/maven-artifact-manager-2.0.6.pom
2025-03-14 14:23:13,836 [Worker-9: Building] INFO  o.e.m.c.i.e.AbstractTransferListenerAdapter - Downloaded https://repo.maven.apache.org/maven2/org/apache/maven/maven-artifact-manager/2.0.6/maven-artifact-manager-2.0.6.pom
2025-03-14 14:23:13,845 [Worker-9: Building] INFO  o.e.m.c.i.e.AbstractTransferListenerAdapter - Downloading https://repo.maven.apache.org/maven2/org/apache/maven/maven-repository-metadata/2.0.6/maven-repository-metadata-2.0.6.pom
2025-03-14 14:23:13,870 [Worker-9: Building] INFO  o.e.m.c.i.e.AbstractTransferListenerAdapter - Downloaded https://repo.maven.apache.org/maven2/org/apache/maven/maven-repository-metadata/2.0.6/maven-repository-metadata-2.0.6.pom
2025-03-14 14:23:13,880 [Worker-9: Building] INFO  o.e.m.c.i.e.AbstractTransferListenerAdapter - Downloading https://repo.maven.apache.org/maven2/org/apache/maven/maven-artifact/2.0.6/maven-artifact-2.0.6.pom
2025-03-14 14:23:13,905 [Worker-9: Building] INFO  o.e.m.c.i.e.AbstractTransferListenerAdapter - Downloaded https://repo.maven.apache.org/maven2/org/apache/maven/maven-artifact/2.0.6/maven-artifact-2.0.6.pom
2025-03-14 14:23:13,912 [Worker-9: Building] INFO  o.e.m.c.i.e.AbstractTransferListenerAdapter - Downloading https://repo.maven.apache.org/maven2/org/apache/maven/maven-plugin-registry/2.0.6/maven-plugin-registry-2.0.6.pom
2025-03-14 14:23:13,938 [Worker-9: Building] INFO  o.e.m.c.i.e.AbstractTransferListenerAdapter - Downloaded https://repo.maven.apache.org/maven2/org/apache/maven/maven-plugin-registry/2.0.6/maven-plugin-registry-2.0.6.pom
2025-03-14 14:23:13,946 [Worker-9: Building] INFO  o.e.m.c.i.e.AbstractTransferListenerAdapter - Downloading https://repo.maven.apache.org/maven2/org/apache/maven/maven-core/2.0.6/maven-core-2.0.6.pom
2025-03-14 14:23:13,971 [Worker-9: Building] INFO  o.e.m.c.i.e.AbstractTransferListenerAdapter - Downloaded https://repo.maven.apache.org/maven2/org/apache/maven/maven-core/2.0.6/maven-core-2.0.6.pom
2025-03-14 14:23:13,980 [Worker-9: Building] INFO  o.e.m.c.i.e.AbstractTransferListenerAdapter - Downloading https://repo.maven.apache.org/maven2/org/apache/maven/maven-plugin-parameter-documenter/2.0.6/maven-plugin-parameter-documenter-2.0.6.pom
2025-03-14 14:23:14,004 [Worker-9: Building] INFO  o.e.m.c.i.e.AbstractTransferListenerAdapter - Downloaded https://repo.maven.apache.org/maven2/org/apache/maven/maven-plugin-parameter-documenter/2.0.6/maven-plugin-parameter-documenter-2.0.6.pom
2025-03-14 14:23:14,013 [Worker-9: Building] INFO  o.e.m.c.i.e.AbstractTransferListenerAdapter - Downloading https://repo.maven.apache.org/maven2/org/apache/maven/reporting/maven-reporting-api/2.0.6/maven-reporting-api-2.0.6.pom
2025-03-14 14:23:14,042 [Worker-9: Building] INFO  o.e.m.c.i.e.AbstractTransferListenerAdapter - Downloaded https://repo.maven.apache.org/maven2/org/apache/maven/reporting/maven-reporting-api/2.0.6/maven-reporting-api-2.0.6.pom
2025-03-14 14:23:14,050 [Worker-9: Building] INFO  o.e.m.c.i.e.AbstractTransferListenerAdapter - Downloading https://repo.maven.apache.org/maven2/org/apache/maven/reporting/maven-reporting/2.0.6/maven-reporting-2.0.6.pom
2025-03-14 14:23:14,076 [Worker-9: Building] INFO  o.e.m.c.i.e.AbstractTransferListenerAdapter - Downloaded https://repo.maven.apache.org/maven2/org/apache/maven/reporting/maven-reporting/2.0.6/maven-reporting-2.0.6.pom
2025-03-14 14:23:14,085 [Worker-9: Building] INFO  o.e.m.c.i.e.AbstractTransferListenerAdapter - Downloading https://repo.maven.apache.org/maven2/org/apache/maven/doxia/doxia-sink-api/1.0-alpha-7/doxia-sink-api-1.0-alpha-7.pom
2025-03-14 14:23:14,107 [Worker-9: Building] INFO  o.e.m.c.i.e.AbstractTransferListenerAdapter - Downloaded https://repo.maven.apache.org/maven2/org/apache/maven/doxia/doxia-sink-api/1.0-alpha-7/doxia-sink-api-1.0-alpha-7.pom
2025-03-14 14:23:14,115 [Worker-9: Building] INFO  o.e.m.c.i.e.AbstractTransferListenerAdapter - Downloading https://repo.maven.apache.org/maven2/org/apache/maven/doxia/doxia/1.0-alpha-7/doxia-1.0-alpha-7.pom
2025-03-14 14:23:14,165 [Worker-9: Building] INFO  o.e.m.c.i.e.AbstractTransferListenerAdapter - Downloaded https://repo.maven.apache.org/maven2/org/apache/maven/doxia/doxia/1.0-alpha-7/doxia-1.0-alpha-7.pom
2025-03-14 14:23:14,178 [Worker-9: Building] INFO  o.e.m.c.i.e.AbstractTransferListenerAdapter - Downloading https://repo.maven.apache.org/maven2/org/apache/maven/maven-error-diagnostics/2.0.6/maven-error-diagnostics-2.0.6.pom
2025-03-14 14:23:14,211 [Worker-9: Building] INFO  o.e.m.c.i.e.AbstractTransferListenerAdapter - Downloaded https://repo.maven.apache.org/maven2/org/apache/maven/maven-error-diagnostics/2.0.6/maven-error-diagnostics-2.0.6.pom
2025-03-14 14:23:14,225 [Worker-9: Building] INFO  o.e.m.c.i.e.AbstractTransferListenerAdapter - Downloading https://repo.maven.apache.org/maven2/commons-cli/commons-cli/1.0/commons-cli-1.0.pom
2025-03-14 14:23:14,255 [Worker-9: Building] INFO  o.e.m.c.i.e.AbstractTransferListenerAdapter - Downloaded https://repo.maven.apache.org/maven2/commons-cli/commons-cli/1.0/commons-cli-1.0.pom
2025-03-14 14:23:14,263 [Worker-9: Building] INFO  o.e.m.c.i.e.AbstractTransferListenerAdapter - Downloading https://repo.maven.apache.org/maven2/org/apache/maven/maven-plugin-descriptor/2.0.6/maven-plugin-descriptor-2.0.6.pom
2025-03-14 14:23:14,295 [Worker-9: Building] INFO  o.e.m.c.i.e.AbstractTransferListenerAdapter - Downloaded https://repo.maven.apache.org/maven2/org/apache/maven/maven-plugin-descriptor/2.0.6/maven-plugin-descriptor-2.0.6.pom
2025-03-14 14:23:14,307 [Worker-9: Building] INFO  o.e.m.c.i.e.AbstractTransferListenerAdapter - Downloading https://repo.maven.apache.org/maven2/org/codehaus/plexus/plexus-interactivity-api/1.0-alpha-4/plexus-interactivity-api-1.0-alpha-4.pom
2025-03-14 14:23:14,337 [Worker-9: Building] INFO  o.e.m.c.i.e.AbstractTransferListenerAdapter - Downloaded https://repo.maven.apache.org/maven2/org/codehaus/plexus/plexus-interactivity-api/1.0-alpha-4/plexus-interactivity-api-1.0-alpha-4.pom
2025-03-14 14:23:14,346 [Worker-9: Building] INFO  o.e.m.c.i.e.AbstractTransferListenerAdapter - Downloading https://repo.maven.apache.org/maven2/org/apache/maven/maven-monitor/2.0.6/maven-monitor-2.0.6.pom
2025-03-14 14:23:14,372 [Worker-9: Building] INFO  o.e.m.c.i.e.AbstractTransferListenerAdapter - Downloaded https://repo.maven.apache.org/maven2/org/apache/maven/maven-monitor/2.0.6/maven-monitor-2.0.6.pom
2025-03-14 14:23:14,381 [Worker-9: Building] INFO  o.e.m.c.i.e.AbstractTransferListenerAdapter - Downloading https://repo.maven.apache.org/maven2/classworlds/classworlds/1.1/classworlds-1.1.pom
2025-03-14 14:23:14,408 [Worker-9: Building] INFO  o.e.m.c.i.e.AbstractTransferListenerAdapter - Downloaded https://repo.maven.apache.org/maven2/classworlds/classworlds/1.1/classworlds-1.1.pom
2025-03-14 14:23:14,453 [Worker-9: Building] INFO  o.e.m.c.i.e.AbstractTransferListenerAdapter - Downloading https://repo.maven.apache.org/maven2/org/apache/maven/shared/maven-filtering/1.1/maven-filtering-1.1.pom
2025-03-14 14:23:14,478 [Worker-9: Building] INFO  o.e.m.c.i.e.AbstractTransferListenerAdapter - Downloaded https://repo.maven.apache.org/maven2/org/apache/maven/shared/maven-filtering/1.1/maven-filtering-1.1.pom
2025-03-14 14:23:14,486 [Worker-9: Building] INFO  o.e.m.c.i.e.AbstractTransferListenerAdapter - Downloading https://repo.maven.apache.org/maven2/org/apache/maven/shared/maven-shared-components/17/maven-shared-components-17.pom
2025-03-14 14:23:14,515 [Worker-9: Building] INFO  o.e.m.c.i.e.AbstractTransferListenerAdapter - Downloaded https://repo.maven.apache.org/maven2/org/apache/maven/shared/maven-shared-components/17/maven-shared-components-17.pom
2025-03-14 14:23:14,522 [Worker-9: Building] INFO  o.e.m.c.i.e.AbstractTransferListenerAdapter - Downloading https://repo.maven.apache.org/maven2/org/apache/maven/maven-parent/21/maven-parent-21.pom
2025-03-14 14:23:14,548 [Worker-9: Building] INFO  o.e.m.c.i.e.AbstractTransferListenerAdapter - Downloaded https://repo.maven.apache.org/maven2/org/apache/maven/maven-parent/21/maven-parent-21.pom
2025-03-14 14:23:14,556 [Worker-9: Building] INFO  o.e.m.c.i.e.AbstractTransferListenerAdapter - Downloading https://repo.maven.apache.org/maven2/org/apache/apache/10/apache-10.pom
2025-03-14 14:23:14,580 [Worker-9: Building] INFO  o.e.m.c.i.e.AbstractTransferListenerAdapter - Downloaded https://repo.maven.apache.org/maven2/org/apache/apache/10/apache-10.pom
2025-03-14 14:23:14,588 [Worker-9: Building] INFO  o.e.m.c.i.e.AbstractTransferListenerAdapter - Downloading https://repo.maven.apache.org/maven2/org/codehaus/plexus/plexus-utils/1.5.15/plexus-utils-1.5.15.pom
2025-03-14 14:23:14,615 [Worker-9: Building] INFO  o.e.m.c.i.e.AbstractTransferListenerAdapter - Downloaded https://repo.maven.apache.org/maven2/org/codehaus/plexus/plexus-utils/1.5.15/plexus-utils-1.5.15.pom
2025-03-14 14:23:14,639 [Worker-9: Building] INFO  o.e.m.c.i.e.AbstractTransferListenerAdapter - Downloading https://repo.maven.apache.org/maven2/org/codehaus/plexus/plexus-interpolation/1.12/plexus-interpolation-1.12.pom
2025-03-14 14:23:14,672 [Worker-9: Building] INFO  o.e.m.c.i.e.AbstractTransferListenerAdapter - Downloaded https://repo.maven.apache.org/maven2/org/codehaus/plexus/plexus-interpolation/1.12/plexus-interpolation-1.12.pom
2025-03-14 14:23:14,681 [Worker-9: Building] INFO  o.e.m.c.i.e.AbstractTransferListenerAdapter - Downloading https://repo.maven.apache.org/maven2/org/codehaus/plexus/plexus-components/1.1.14/plexus-components-1.1.14.pom
2025-03-14 14:23:14,708 [Worker-9: Building] INFO  o.e.m.c.i.e.AbstractTransferListenerAdapter - Downloaded https://repo.maven.apache.org/maven2/org/codehaus/plexus/plexus-components/1.1.14/plexus-components-1.1.14.pom
2025-03-14 14:23:14,715 [Worker-9: Building] INFO  o.e.m.c.i.e.AbstractTransferListenerAdapter - Downloading https://repo.maven.apache.org/maven2/org/sonatype/plexus/plexus-build-api/0.0.4/plexus-build-api-0.0.4.pom
2025-03-14 14:23:14,741 [Worker-9: Building] INFO  o.e.m.c.i.e.AbstractTransferListenerAdapter - Downloaded https://repo.maven.apache.org/maven2/org/sonatype/plexus/plexus-build-api/0.0.4/plexus-build-api-0.0.4.pom
2025-03-14 14:23:14,749 [Worker-9: Building] INFO  o.e.m.c.i.e.AbstractTransferListenerAdapter - Downloading https://repo.maven.apache.org/maven2/org/sonatype/spice/spice-parent/10/spice-parent-10.pom
2025-03-14 14:23:14,772 [Worker-9: Building] INFO  o.e.m.c.i.e.AbstractTransferListenerAdapter - Downloaded https://repo.maven.apache.org/maven2/org/sonatype/spice/spice-parent/10/spice-parent-10.pom
2025-03-14 14:23:14,779 [Worker-9: Building] INFO  o.e.m.c.i.e.AbstractTransferListenerAdapter - Downloading https://repo.maven.apache.org/maven2/org/sonatype/forge/forge-parent/3/forge-parent-3.pom
2025-03-14 14:23:14,805 [Worker-9: Building] INFO  o.e.m.c.i.e.AbstractTransferListenerAdapter - Downloaded https://repo.maven.apache.org/maven2/org/sonatype/forge/forge-parent/3/forge-parent-3.pom
2025-03-14 14:23:14,828 [Worker-9: Building] INFO  o.e.m.c.i.e.AbstractTransferListenerAdapter - Downloading https://repo.maven.apache.org/maven2/org/codehaus/plexus/plexus-interpolation/1.13/plexus-interpolation-1.13.pom
2025-03-14 14:23:14,852 [Worker-9: Building] INFO  o.e.m.c.i.e.AbstractTransferListenerAdapter - Downloaded https://repo.maven.apache.org/maven2/org/codehaus/plexus/plexus-interpolation/1.13/plexus-interpolation-1.13.pom
2025-03-14 14:23:14,860 [Worker-9: Building] INFO  o.e.m.c.i.e.AbstractTransferListenerAdapter - Downloading https://repo.maven.apache.org/maven2/org/codehaus/plexus/plexus-components/1.1.15/plexus-components-1.1.15.pom
2025-03-14 14:23:14,883 [Worker-9: Building] INFO  o.e.m.c.i.e.AbstractTransferListenerAdapter - Downloaded https://repo.maven.apache.org/maven2/org/codehaus/plexus/plexus-components/1.1.15/plexus-components-1.1.15.pom
2025-03-14 14:23:14,889 [Worker-9: Building] INFO  o.e.m.c.i.e.AbstractTransferListenerAdapter - Downloading https://repo.maven.apache.org/maven2/org/codehaus/plexus/plexus/2.0.3/plexus-2.0.3.pom
2025-03-14 14:23:14,911 [Worker-9: Building] INFO  o.e.m.c.i.e.AbstractTransferListenerAdapter - Downloaded https://repo.maven.apache.org/maven2/org/codehaus/plexus/plexus/2.0.3/plexus-2.0.3.pom
2025-03-14 14:23:14,933 [AetherRepositoryConnector-repo.maven.apache.org-0-2] INFO  o.e.m.c.i.e.AbstractTransferListenerAdapter - Downloading https://repo.maven.apache.org/maven2/org/apache/maven/maven-profile/2.0.6/maven-profile-2.0.6.jar
2025-03-14 14:23:14,934 [AetherRepositoryConnector-repo.maven.apache.org-0-3] INFO  o.e.m.c.i.e.AbstractTransferListenerAdapter - Downloading https://repo.maven.apache.org/maven2/org/apache/maven/maven-artifact-manager/2.0.6/maven-artifact-manager-2.0.6.jar
2025-03-14 14:23:14,937 [AetherRepositoryConnector-repo.maven.apache.org-0-1] INFO  o.e.m.c.i.e.AbstractTransferListenerAdapter - Downloading https://repo.maven.apache.org/maven2/org/apache/maven/maven-project/2.0.6/maven-project-2.0.6.jar
2025-03-14 14:23:14,938 [AetherRepositoryConnector-repo.maven.apache.org-0-4] INFO  o.e.m.c.i.e.AbstractTransferListenerAdapter - Downloading https://repo.maven.apache.org/maven2/org/apache/maven/maven-plugin-registry/2.0.6/maven-plugin-registry-2.0.6.jar
2025-03-14 14:23:14,938 [AetherRepositoryConnector-repo.maven.apache.org-0-0] INFO  o.e.m.c.i.e.AbstractTransferListenerAdapter - Downloading https://repo.maven.apache.org/maven2/org/apache/maven/maven-plugin-api/2.0.6/maven-plugin-api-2.0.6.jar
2025-03-14 14:23:14,964 [AetherRepositoryConnector-repo.maven.apache.org-0-3] INFO  o.e.m.c.i.e.AbstractTransferListenerAdapter - Downloaded https://repo.maven.apache.org/maven2/org/apache/maven/maven-artifact-manager/2.0.6/maven-artifact-manager-2.0.6.jar
2025-03-14 14:23:14,970 [AetherRepositoryConnector-repo.maven.apache.org-0-3] INFO  o.e.m.c.i.e.AbstractTransferListenerAdapter - Downloading https://repo.maven.apache.org/maven2/org/apache/maven/maven-core/2.0.6/maven-core-2.0.6.jar
2025-03-14 14:23:14,972 [AetherRepositoryConnector-repo.maven.apache.org-0-1] INFO  o.e.m.c.i.e.AbstractTransferListenerAdapter - Downloaded https://repo.maven.apache.org/maven2/org/apache/maven/maven-project/2.0.6/maven-project-2.0.6.jar
2025-03-14 14:23:14,982 [AetherRepositoryConnector-repo.maven.apache.org-0-1] INFO  o.e.m.c.i.e.AbstractTransferListenerAdapter - Downloading https://repo.maven.apache.org/maven2/org/apache/maven/maven-plugin-parameter-documenter/2.0.6/maven-plugin-parameter-documenter-2.0.6.jar
2025-03-14 14:23:15,004 [AetherRepositoryConnector-repo.maven.apache.org-0-3] INFO  o.e.m.c.i.e.AbstractTransferListenerAdapter - Downloaded https://repo.maven.apache.org/maven2/org/apache/maven/maven-core/2.0.6/maven-core-2.0.6.jar
2025-03-14 14:23:15,009 [AetherRepositoryConnector-repo.maven.apache.org-0-3] INFO  o.e.m.c.i.e.AbstractTransferListenerAdapter - Downloading https://repo.maven.apache.org/maven2/org/apache/maven/reporting/maven-reporting-api/2.0.6/maven-reporting-api-2.0.6.jar
2025-03-14 14:23:15,069 [AetherRepositoryConnector-repo.maven.apache.org-0-0] INFO  o.e.m.c.i.e.AbstractTransferListenerAdapter - Downloaded https://repo.maven.apache.org/maven2/org/apache/maven/maven-plugin-api/2.0.6/maven-plugin-api-2.0.6.jar
2025-03-14 14:23:15,076 [AetherRepositoryConnector-repo.maven.apache.org-0-0] INFO  o.e.m.c.i.e.AbstractTransferListenerAdapter - Downloading https://repo.maven.apache.org/maven2/org/apache/maven/doxia/doxia-sink-api/1.0-alpha-7/doxia-sink-api-1.0-alpha-7.jar
2025-03-14 14:23:15,079 [AetherRepositoryConnector-repo.maven.apache.org-0-1] INFO  o.e.m.c.i.e.AbstractTransferListenerAdapter - Downloaded https://repo.maven.apache.org/maven2/org/apache/maven/maven-plugin-parameter-documenter/2.0.6/maven-plugin-parameter-documenter-2.0.6.jar
2025-03-14 14:23:15,084 [AetherRepositoryConnector-repo.maven.apache.org-0-1] INFO  o.e.m.c.i.e.AbstractTransferListenerAdapter - Downloading https://repo.maven.apache.org/maven2/org/apache/maven/maven-repository-metadata/2.0.6/maven-repository-metadata-2.0.6.jar
2025-03-14 14:23:15,113 [AetherRepositoryConnector-repo.maven.apache.org-0-4] INFO  o.e.m.c.i.e.AbstractTransferListenerAdapter - Downloaded https://repo.maven.apache.org/maven2/org/apache/maven/maven-plugin-registry/2.0.6/maven-plugin-registry-2.0.6.jar
2025-03-14 14:23:15,118 [AetherRepositoryConnector-repo.maven.apache.org-0-4] INFO  o.e.m.c.i.e.AbstractTransferListenerAdapter - Downloading https://repo.maven.apache.org/maven2/org/apache/maven/maven-error-diagnostics/2.0.6/maven-error-diagnostics-2.0.6.jar
2025-03-14 14:23:15,118 [AetherRepositoryConnector-repo.maven.apache.org-0-3] INFO  o.e.m.c.i.e.AbstractTransferListenerAdapter - Downloaded https://repo.maven.apache.org/maven2/org/apache/maven/reporting/maven-reporting-api/2.0.6/maven-reporting-api-2.0.6.jar
2025-03-14 14:23:15,123 [AetherRepositoryConnector-repo.maven.apache.org-0-3] INFO  o.e.m.c.i.e.AbstractTransferListenerAdapter - Downloading https://repo.maven.apache.org/maven2/commons-cli/commons-cli/1.0/commons-cli-1.0.jar
2025-03-14 14:23:15,142 [AetherRepositoryConnector-repo.maven.apache.org-0-3] INFO  o.e.m.c.i.e.AbstractTransferListenerAdapter - Downloaded https://repo.maven.apache.org/maven2/commons-cli/commons-cli/1.0/commons-cli-1.0.jar
2025-03-14 14:23:15,147 [AetherRepositoryConnector-repo.maven.apache.org-0-3] INFO  o.e.m.c.i.e.AbstractTransferListenerAdapter - Downloading https://repo.maven.apache.org/maven2/org/apache/maven/maven-plugin-descriptor/2.0.6/maven-plugin-descriptor-2.0.6.jar
2025-03-14 14:23:15,151 [AetherRepositoryConnector-repo.maven.apache.org-0-2] INFO  o.e.m.c.i.e.AbstractTransferListenerAdapter - Downloaded https://repo.maven.apache.org/maven2/org/apache/maven/maven-profile/2.0.6/maven-profile-2.0.6.jar
2025-03-14 14:23:15,152 [AetherRepositoryConnector-repo.maven.apache.org-0-0] INFO  o.e.m.c.i.e.AbstractTransferListenerAdapter - Downloaded https://repo.maven.apache.org/maven2/org/apache/maven/doxia/doxia-sink-api/1.0-alpha-7/doxia-sink-api-1.0-alpha-7.jar
2025-03-14 14:23:15,157 [AetherRepositoryConnector-repo.maven.apache.org-0-2] INFO  o.e.m.c.i.e.AbstractTransferListenerAdapter - Downloading https://repo.maven.apache.org/maven2/org/codehaus/plexus/plexus-interactivity-api/1.0-alpha-4/plexus-interactivity-api-1.0-alpha-4.jar
2025-03-14 14:23:15,160 [AetherRepositoryConnector-repo.maven.apache.org-0-0] INFO  o.e.m.c.i.e.AbstractTransferListenerAdapter - Downloading https://repo.maven.apache.org/maven2/classworlds/classworlds/1.1/classworlds-1.1.jar
2025-03-14 14:23:15,205 [AetherRepositoryConnector-repo.maven.apache.org-0-1] INFO  o.e.m.c.i.e.AbstractTransferListenerAdapter - Downloaded https://repo.maven.apache.org/maven2/org/apache/maven/maven-repository-metadata/2.0.6/maven-repository-metadata-2.0.6.jar
2025-03-14 14:23:15,210 [AetherRepositoryConnector-repo.maven.apache.org-0-1] INFO  o.e.m.c.i.e.AbstractTransferListenerAdapter - Downloading https://repo.maven.apache.org/maven2/org/apache/maven/maven-artifact/2.0.6/maven-artifact-2.0.6.jar
2025-03-14 14:23:15,231 [AetherRepositoryConnector-repo.maven.apache.org-0-4] INFO  o.e.m.c.i.e.AbstractTransferListenerAdapter - Downloaded https://repo.maven.apache.org/maven2/org/apache/maven/maven-error-diagnostics/2.0.6/maven-error-diagnostics-2.0.6.jar
2025-03-14 14:23:15,237 [AetherRepositoryConnector-repo.maven.apache.org-0-4] INFO  o.e.m.c.i.e.AbstractTransferListenerAdapter - Downloading https://repo.maven.apache.org/maven2/org/apache/maven/maven-settings/2.0.6/maven-settings-2.0.6.jar
2025-03-14 14:23:15,244 [AetherRepositoryConnector-repo.maven.apache.org-0-1] INFO  o.e.m.c.i.e.AbstractTransferListenerAdapter - Downloaded https://repo.maven.apache.org/maven2/org/apache/maven/maven-artifact/2.0.6/maven-artifact-2.0.6.jar
2025-03-14 14:23:15,248 [AetherRepositoryConnector-repo.maven.apache.org-0-1] INFO  o.e.m.c.i.e.AbstractTransferListenerAdapter - Downloading https://repo.maven.apache.org/maven2/org/apache/maven/maven-model/2.0.6/maven-model-2.0.6.jar
2025-03-14 14:23:15,277 [AetherRepositoryConnector-repo.maven.apache.org-0-1] INFO  o.e.m.c.i.e.AbstractTransferListenerAdapter - Downloaded https://repo.maven.apache.org/maven2/org/apache/maven/maven-model/2.0.6/maven-model-2.0.6.jar
2025-03-14 14:23:15,281 [AetherRepositoryConnector-repo.maven.apache.org-0-1] INFO  o.e.m.c.i.e.AbstractTransferListenerAdapter - Downloading https://repo.maven.apache.org/maven2/org/apache/maven/maven-monitor/2.0.6/maven-monitor-2.0.6.jar
2025-03-14 14:23:15,295 [AetherRepositoryConnector-repo.maven.apache.org-0-2] INFO  o.e.m.c.i.e.AbstractTransferListenerAdapter - Downloaded https://repo.maven.apache.org/maven2/org/codehaus/plexus/plexus-interactivity-api/1.0-alpha-4/plexus-interactivity-api-1.0-alpha-4.jar
2025-03-14 14:23:15,301 [AetherRepositoryConnector-repo.maven.apache.org-0-2] INFO  o.e.m.c.i.e.AbstractTransferListenerAdapter - Downloading https://repo.maven.apache.org/maven2/org/codehaus/plexus/plexus-container-default/1.0-alpha-9-stable-1/plexus-container-default-1.0-alpha-9-stable-1.jar
2025-03-14 14:23:15,323 [AetherRepositoryConnector-repo.maven.apache.org-0-3] INFO  o.e.m.c.i.e.AbstractTransferListenerAdapter - Downloaded https://repo.maven.apache.org/maven2/org/apache/maven/maven-plugin-descriptor/2.0.6/maven-plugin-descriptor-2.0.6.jar
2025-03-14 14:23:15,328 [AetherRepositoryConnector-repo.maven.apache.org-0-3] INFO  o.e.m.c.i.e.AbstractTransferListenerAdapter - Downloading https://repo.maven.apache.org/maven2/junit/junit/3.8.1/junit-3.8.1.jar
2025-03-14 14:23:15,341 [AetherRepositoryConnector-repo.maven.apache.org-0-2] INFO  o.e.m.c.i.e.AbstractTransferListenerAdapter - Downloaded https://repo.maven.apache.org/maven2/org/codehaus/plexus/plexus-container-default/1.0-alpha-9-stable-1/plexus-container-default-1.0-alpha-9-stable-1.jar
2025-03-14 14:23:15,346 [AetherRepositoryConnector-repo.maven.apache.org-0-2] INFO  o.e.m.c.i.e.AbstractTransferListenerAdapter - Downloading https://repo.maven.apache.org/maven2/org/codehaus/plexus/plexus-utils/2.0.5/plexus-utils-2.0.5.jar
2025-03-14 14:23:15,349 [AetherRepositoryConnector-repo.maven.apache.org-0-3] INFO  o.e.m.c.i.e.AbstractTransferListenerAdapter - Downloaded https://repo.maven.apache.org/maven2/junit/junit/3.8.1/junit-3.8.1.jar
2025-03-14 14:23:15,355 [AetherRepositoryConnector-repo.maven.apache.org-0-3] INFO  o.e.m.c.i.e.AbstractTransferListenerAdapter - Downloading https://repo.maven.apache.org/maven2/org/apache/maven/shared/maven-filtering/1.1/maven-filtering-1.1.jar
2025-03-14 14:23:15,374 [AetherRepositoryConnector-repo.maven.apache.org-0-0] INFO  o.e.m.c.i.e.AbstractTransferListenerAdapter - Downloaded https://repo.maven.apache.org/maven2/classworlds/classworlds/1.1/classworlds-1.1.jar
2025-03-14 14:23:15,378 [AetherRepositoryConnector-repo.maven.apache.org-0-1] INFO  o.e.m.c.i.e.AbstractTransferListenerAdapter - Downloaded https://repo.maven.apache.org/maven2/org/apache/maven/maven-monitor/2.0.6/maven-monitor-2.0.6.jar
2025-03-14 14:23:15,378 [AetherRepositoryConnector-repo.maven.apache.org-0-0] INFO  o.e.m.c.i.e.AbstractTransferListenerAdapter - Downloading https://repo.maven.apache.org/maven2/org/sonatype/plexus/plexus-build-api/0.0.4/plexus-build-api-0.0.4.jar
2025-03-14 14:23:15,379 [AetherRepositoryConnector-repo.maven.apache.org-0-2] INFO  o.e.m.c.i.e.AbstractTransferListenerAdapter - Downloaded https://repo.maven.apache.org/maven2/org/codehaus/plexus/plexus-utils/2.0.5/plexus-utils-2.0.5.jar
2025-03-14 14:23:15,382 [AetherRepositoryConnector-repo.maven.apache.org-0-1] INFO  o.e.m.c.i.e.AbstractTransferListenerAdapter - Downloading https://repo.maven.apache.org/maven2/org/codehaus/plexus/plexus-interpolation/1.13/plexus-interpolation-1.13.jar
2025-03-14 14:23:15,412 [AetherRepositoryConnector-repo.maven.apache.org-0-1] INFO  o.e.m.c.i.e.AbstractTransferListenerAdapter - Downloaded https://repo.maven.apache.org/maven2/org/codehaus/plexus/plexus-interpolation/1.13/plexus-interpolation-1.13.jar
2025-03-14 14:23:15,450 [AetherRepositoryConnector-repo.maven.apache.org-0-0] INFO  o.e.m.c.i.e.AbstractTransferListenerAdapter - Downloaded https://repo.maven.apache.org/maven2/org/sonatype/plexus/plexus-build-api/0.0.4/plexus-build-api-0.0.4.jar
2025-03-14 14:23:15,460 [AetherRepositoryConnector-repo.maven.apache.org-0-4] INFO  o.e.m.c.i.e.AbstractTransferListenerAdapter - Downloaded https://repo.maven.apache.org/maven2/org/apache/maven/maven-settings/2.0.6/maven-settings-2.0.6.jar
2025-03-14 14:23:15,565 [AetherRepositoryConnector-repo.maven.apache.org-0-3] INFO  o.e.m.c.i.e.AbstractTransferListenerAdapter - Downloaded https://repo.maven.apache.org/maven2/org/apache/maven/shared/maven-filtering/1.1/maven-filtering-1.1.jar
2025-03-14 14:23:20,987 [Worker-9: Building] WARN  o.e.m.c.i.embedder.EclipseLogger - Using platform encoding (MS949 actually) to copy filtered resources, i.e. build is platform dependent!
2025-03-14 14:23:20,993 [Worker-9: Building] INFO  o.e.m.c.i.embedder.EclipseLogger - Copying 0 resource
2025-03-14 14:23:20,995 [Worker-9: Building] WARN  o.e.m.c.i.embedder.EclipseLogger - Using platform encoding (MS949 actually) to copy filtered resources, i.e. build is platform dependent!
2025-03-14 14:23:20,996 [Worker-9: Building] INFO  o.e.m.c.i.embedder.EclipseLogger - Copying 0 resource
2025-03-14 14:23:21,036 [Worker-9: Building] INFO  o.e.m.c.i.e.AbstractTransferListenerAdapter - Downloading https://repo.maven.apache.org/maven2/org/apache/maven/plugins/maven-surefire-plugin/2.12.4/maven-surefire-plugin-2.12.4.pom
2025-03-14 14:23:21,068 [Worker-9: Building] INFO  o.e.m.c.i.e.AbstractTransferListenerAdapter - Downloaded https://repo.maven.apache.org/maven2/org/apache/maven/plugins/maven-surefire-plugin/2.12.4/maven-surefire-plugin-2.12.4.pom
2025-03-14 14:23:21,077 [Worker-9: Building] INFO  o.e.m.c.i.e.AbstractTransferListenerAdapter - Downloading https://repo.maven.apache.org/maven2/org/apache/maven/surefire/surefire/2.12.4/surefire-2.12.4.pom
2025-03-14 14:23:21,104 [Worker-9: Building] INFO  o.e.m.c.i.e.AbstractTransferListenerAdapter - Downloaded https://repo.maven.apache.org/maven2/org/apache/maven/surefire/surefire/2.12.4/surefire-2.12.4.pom
2025-03-14 14:23:21,151 [Worker-9: Building] INFO  o.e.m.c.i.e.AbstractTransferListenerAdapter - Downloading https://repo.maven.apache.org/maven2/org/apache/maven/plugins/maven-surefire-plugin/2.12.4/maven-surefire-plugin-2.12.4.jar
2025-03-14 14:23:21,256 [Worker-9: Building] INFO  o.e.m.c.i.e.AbstractTransferListenerAdapter - Downloaded https://repo.maven.apache.org/maven2/org/apache/maven/plugins/maven-surefire-plugin/2.12.4/maven-surefire-plugin-2.12.4.jar
2025-03-14 14:23:26,842 [Worker-1: Building] WARN  o.e.m.c.i.embedder.EclipseLogger - Using platform encoding (MS949 actually) to copy filtered resources, i.e. build is platform dependent!
2025-03-14 14:23:26,846 [Worker-1: Building] INFO  o.e.m.c.i.embedder.EclipseLogger - skip non existing resourceDirectory E:\dwit\appdev\pjworkspace\shoesphere\src\main\resources
2025-03-14 14:23:26,847 [Worker-1: Building] WARN  o.e.m.c.i.embedder.EclipseLogger - Using platform encoding (MS949 actually) to copy filtered resources, i.e. build is platform dependent!
2025-03-14 14:23:26,847 [Worker-1: Building] INFO  o.e.m.c.i.embedder.EclipseLogger - skip non existing resourceDirectory E:\dwit\appdev\pjworkspace\shoesphere\src\test\resources
2025-03-14 14:23:26,971 [Worker-1: Building] WARN  o.e.m.c.i.embedder.EclipseLogger - Using platform encoding (MS949 actually) to copy filtered resources, i.e. build is platform dependent!
2025-03-14 14:23:26,972 [Worker-1: Building] INFO  o.e.m.c.i.embedder.EclipseLogger - Copying 0 resource
2025-03-14 14:23:26,973 [Worker-1: Building] WARN  o.e.m.c.i.embedder.EclipseLogger - Using platform encoding (MS949 actually) to copy filtered resources, i.e. build is platform dependent!
2025-03-14 14:23:26,974 [Worker-1: Building] INFO  o.e.m.c.i.embedder.EclipseLogger - Copying 0 resource
2025-03-14 14:23:52,995 [Worker-6: Cleaning selected projects] INFO  o.e.m.w.i.f.ResourceFilteringBuildParticipant - Cleaning filtered folder for mergeproject
2025-03-14 14:23:53,505 [Worker-5: Building] WARN  o.e.m.c.i.embedder.EclipseLogger - Using platform encoding (MS949 actually) to copy filtered resources, i.e. build is platform dependent!
2025-03-14 14:23:53,506 [Worker-5: Building] INFO  o.e.m.c.i.embedder.EclipseLogger - Copying 0 resource
2025-03-14 14:23:53,507 [Worker-5: Building] WARN  o.e.m.c.i.embedder.EclipseLogger - Using platform encoding (MS949 actually) to copy filtered resources, i.e. build is platform dependent!
2025-03-14 14:23:53,509 [Worker-5: Building] INFO  o.e.m.c.i.embedder.EclipseLogger - Copying 0 resource
2025-03-14 14:23:53,509 [Worker-5: Building] INFO  o.e.m.w.i.f.ResourceFilteringBuildParticipant - Changed resources require a complete clean of filtered resources of mergeproject
2025-03-14 14:23:53,509 [Worker-5: Building] INFO  o.e.m.w.i.f.ResourceFilteringBuildParticipant - Executing resource filtering for mergeproject
2025-03-14 14:23:53,513 [Worker-5: Building] WARN  o.e.m.c.i.embedder.EclipseLogger - The POM for org.apache.maven.plugins:maven-clean-plugin:jar:2.5 is missing, no dependency information available
2025-03-14 14:23:54,273 [Worker-5: Building] WARN  o.e.m.c.i.embedder.EclipseLogger - Failed to retrieve plugin descriptor for org.apache.maven.plugins:maven-clean-plugin:2.5: Plugin org.apache.maven.plugins:maven-clean-plugin:2.5 or one of its dependencies could not be resolved: Cannot access central (https://repo.maven.apache.org/maven2) in offline mode and the artifact org.apache.maven.plugins:maven-clean-plugin:jar:2.5 has not been downloaded from it before.
2025-03-14 14:23:54,278 [Worker-5: Building] WARN  o.e.m.c.i.embedder.EclipseLogger - The POM for org.apache.maven.plugins:maven-clean-plugin:jar:2.5 is missing, no dependency information available
2025-03-14 14:23:54,279 [Worker-5: Building] WARN  o.e.m.c.i.embedder.EclipseLogger - Failed to retrieve plugin descriptor for org.apache.maven.plugins:maven-clean-plugin:2.5: Plugin org.apache.maven.plugins:maven-clean-plugin:2.5 or one of its dependencies could not be resolved: Cannot access central (https://repo.maven.apache.org/maven2) in offline mode and the artifact org.apache.maven.plugins:maven-clean-plugin:jar:2.5 has not been downloaded from it before.
2025-03-14 14:23:54,468 [Worker-5: Building] WARN  o.e.m.c.i.embedder.EclipseLogger - Using platform encoding (MS949 actually) to copy filtered resources, i.e. build is platform dependent!
2025-03-17 13:35:34,594 [Worker-7: Loading available Gradle versions] INFO  o.e.b.c.i.u.g.PublishedGradleVersions - Gradle version information cache is out-of-date. Trying to update.
2025-03-17 13:36:23,862 [main] ERROR o.e.m.c.i.p.r.ProjectRegistryReader - Can't read workspace state
java.io.StreamCorruptedException: invalid stream header: 3C3F786D
	at java.base/java.io.ObjectInputStream.readStreamHeader(ObjectInputStream.java:977)
	at java.base/java.io.ObjectInputStream.<init>(ObjectInputStream.java:404)
	at org.eclipse.m2e.core.internal.project.registry.ProjectRegistryReader$1.<init>(ProjectRegistryReader.java:70)
	at org.eclipse.m2e.core.internal.project.registry.ProjectRegistryReader.readWorkspaceState(ProjectRegistryReader.java:70)
	at org.eclipse.m2e.core.internal.project.registry.ProjectRegistryManager.<init>(ProjectRegistryManager.java:182)
	at org.eclipse.m2e.core.internal.MavenPluginActivator.start(MavenPluginActivator.java:221)
	at org.eclipse.osgi.internal.framework.BundleContextImpl.lambda$2(BundleContextImpl.java:808)
	at java.base/java.security.AccessController.doPrivileged(AccessController.java:571)
	at org.eclipse.osgi.internal.framework.BundleContextImpl.startActivator(BundleContextImpl.java:802)
	at org.eclipse.osgi.internal.framework.BundleContextImpl.start(BundleContextImpl.java:759)
	at org.eclipse.osgi.internal.framework.EquinoxBundle.startWorker0(EquinoxBundle.java:1019)
	at org.eclipse.osgi.internal.framework.EquinoxBundle$EquinoxModule.startWorker(EquinoxBundle.java:365)
	at org.eclipse.osgi.container.Module.doStart(Module.java:605)
	at org.eclipse.osgi.container.Module.start(Module.java:468)
	at org.eclipse.osgi.framework.util.SecureAction.start(SecureAction.java:404)
	at org.eclipse.osgi.internal.hooks.EclipseLazyStarter.postFindLocalClass(EclipseLazyStarter.java:117)
	at org.eclipse.osgi.internal.loader.classpath.ClasspathManager.findLocalClass(ClasspathManager.java:572)
	at org.eclipse.osgi.internal.loader.ModuleClassLoader.findLocalClass(ModuleClassLoader.java:345)
	at org.eclipse.osgi.internal.loader.BundleLoader.findLocalClass(BundleLoader.java:388)
	at org.eclipse.osgi.internal.loader.sources.SingleSourcePackage.loadClass(SingleSourcePackage.java:41)
	at org.eclipse.osgi.internal.loader.BundleLoader.findClass(BundleLoader.java:463)
	at org.eclipse.osgi.internal.loader.ModuleClassLoader.loadClass(ModuleClassLoader.java:170)
	at java.base/java.lang.ClassLoader.loadClass(ClassLoader.java:528)
	at java.base/java.lang.Class.getDeclaredConstructors0(Native Method)
	at java.base/java.lang.Class.privateGetDeclaredConstructors(Class.java:3621)
	at java.base/java.lang.Class.getConstructor0(Class.java:3826)
	at java.base/java.lang.Class.getConstructor(Class.java:2501)
	at org.eclipse.osgi.internal.framework.BundleContextImpl.loadBundleActivator(BundleContextImpl.java:793)
	at org.eclipse.osgi.internal.framework.BundleContextImpl.start(BundleContextImpl.java:745)
	at org.eclipse.osgi.internal.framework.EquinoxBundle.startWorker0(EquinoxBundle.java:1019)
	at org.eclipse.osgi.internal.framework.EquinoxBundle$EquinoxModule.startWorker(EquinoxBundle.java:365)
	at org.eclipse.osgi.container.Module.doStart(Module.java:605)
	at org.eclipse.osgi.container.Module.start(Module.java:468)
	at org.eclipse.osgi.framework.util.SecureAction.start(SecureAction.java:404)
	at org.eclipse.osgi.internal.hooks.EclipseLazyStarter.postFindLocalClass(EclipseLazyStarter.java:117)
	at org.eclipse.osgi.internal.loader.classpath.ClasspathManager.findLocalClass(ClasspathManager.java:572)
	at org.eclipse.osgi.internal.loader.ModuleClassLoader.findLocalClass(ModuleClassLoader.java:345)
	at org.eclipse.osgi.internal.loader.BundleLoader.findLocalClass(BundleLoader.java:388)
	at org.eclipse.osgi.internal.loader.BundleLoader.findClass(BundleLoader.java:467)
	at org.eclipse.osgi.internal.loader.ModuleClassLoader.loadClass(ModuleClassLoader.java:170)
	at java.base/java.lang.ClassLoader.loadClass(ClassLoader.java:528)
	at org.eclipse.osgi.internal.framework.EquinoxBundle.loadClass(EquinoxBundle.java:616)
	at org.eclipse.core.internal.registry.osgi.RegistryStrategyOSGI.createExecutableExtension(RegistryStrategyOSGI.java:196)
	at org.eclipse.core.internal.registry.ExtensionRegistry.createExecutableExtension(ExtensionRegistry.java:920)
	at org.eclipse.core.internal.registry.ConfigurationElement.createExecutableExtension(ConfigurationElement.java:246)
	at org.eclipse.core.internal.registry.ConfigurationElementHandle.createExecutableExtension(ConfigurationElementHandle.java:63)
	at org.eclipse.ui.internal.WorkbenchPlugin.lambda$0(WorkbenchPlugin.java:287)
	at org.eclipse.swt.custom.BusyIndicator.showWhile(BusyIndicator.java:74)
	at org.eclipse.ui.internal.WorkbenchPlugin.createExtension(WorkbenchPlugin.java:285)
	at org.eclipse.ui.internal.dialogs.WorkbenchWizardElement.createExecutableExtension(WorkbenchWizardElement.java:125)
	at org.eclipse.ui.internal.dialogs.WorkbenchWizardElement.createWizard(WorkbenchWizardElement.java:254)
	at org.eclipse.ui.internal.dialogs.ImportExportPage$1.createWizard(ImportExportPage.java:302)
	at org.eclipse.ui.internal.dialogs.WorkbenchWizardNode$1.run(WorkbenchWizardNode.java:138)
	at org.eclipse.core.runtime.SafeRunner.run(SafeRunner.java:45)
	at org.eclipse.ui.internal.dialogs.WorkbenchWizardNode.lambda$0(WorkbenchWizardNode.java:123)
	at org.eclipse.swt.custom.BusyIndicator.showWhile(BusyIndicator.java:74)
	at org.eclipse.ui.internal.dialogs.WorkbenchWizardNode.getWizard(WorkbenchWizardNode.java:123)
	at org.eclipse.jface.wizard.WizardSelectionPage.getNextPage(WizardSelectionPage.java:110)
	at org.eclipse.ui.internal.dialogs.WorkbenchWizardSelectionPage.getNextPage(WorkbenchWizardSelectionPage.java:98)
	at org.eclipse.ui.internal.dialogs.ImportExportPage.getNextPage(ImportExportPage.java:421)
	at org.eclipse.jface.wizard.WizardDialog.nextPressed(WizardDialog.java:910)
	at org.eclipse.jface.wizard.WizardDialog.buttonPressed(WizardDialog.java:468)
	at org.eclipse.jface.dialogs.Dialog.lambda$0(Dialog.java:619)
	at org.eclipse.swt.events.SelectionListener$1.widgetSelected(SelectionListener.java:84)
	at org.eclipse.swt.widgets.TypedListener.handleEvent(TypedListener.java:252)
	at org.eclipse.swt.widgets.EventTable.sendEvent(EventTable.java:89)
	at org.eclipse.swt.widgets.Display.sendEvent(Display.java:4237)
	at org.eclipse.swt.widgets.Widget.sendEvent(Widget.java:1060)
	at org.eclipse.swt.widgets.Display.runDeferredEvents(Display.java:4054)
	at org.eclipse.swt.widgets.Display.readAndDispatch(Display.java:3626)
	at org.eclipse.jface.window.Window.runEventLoop(Window.java:823)
	at org.eclipse.jface.window.Window.open(Window.java:799)
	at org.eclipse.ui.internal.handlers.WizardHandler$Import.executeHandler(WizardHandler.java:153)
	at org.eclipse.ui.internal.handlers.WizardHandler.execute(WizardHandler.java:283)
	at org.eclipse.ui.internal.handlers.HandlerProxy.execute(HandlerProxy.java:283)
	at org.eclipse.ui.internal.handlers.E4HandlerProxy.execute(E4HandlerProxy.java:97)
	at java.base/jdk.internal.reflect.DirectMethodHandleAccessor.invoke(DirectMethodHandleAccessor.java:103)
	at java.base/java.lang.reflect.Method.invoke(Method.java:580)
	at org.eclipse.e4.core.internal.di.MethodRequestor.execute(MethodRequestor.java:58)
	at org.eclipse.e4.core.internal.di.InjectorImpl.invokeUsingClass(InjectorImpl.java:317)
	at org.eclipse.e4.core.internal.di.InjectorImpl.invoke(InjectorImpl.java:251)
	at org.eclipse.e4.core.contexts.ContextInjectionFactory.invoke(ContextInjectionFactory.java:173)
	at org.eclipse.e4.core.commands.internal.HandlerServiceHandler.execute(HandlerServiceHandler.java:156)
	at org.eclipse.core.commands.Command.executeWithChecks(Command.java:488)
	at org.eclipse.core.commands.ParameterizedCommand.executeWithChecks(ParameterizedCommand.java:487)
	at org.eclipse.e4.core.commands.internal.HandlerServiceImpl.executeHandler(HandlerServiceImpl.java:213)
	at org.eclipse.ui.internal.handlers.LegacyHandlerService.executeCommand(LegacyHandlerService.java:389)
	at org.eclipse.ui.internal.actions.CommandAction.runWithEvent(CommandAction.java:142)
	at org.eclipse.jface.action.ActionContributionItem.handleWidgetSelection(ActionContributionItem.java:580)
	at org.eclipse.jface.action.ActionContributionItem.lambda$4(ActionContributionItem.java:414)
	at org.eclipse.swt.widgets.EventTable.sendEvent(EventTable.java:89)
	at org.eclipse.swt.widgets.Display.sendEvent(Display.java:4237)
	at org.eclipse.swt.widgets.Widget.sendEvent(Widget.java:1060)
	at org.eclipse.swt.widgets.Display.runDeferredEvents(Display.java:4054)
	at org.eclipse.swt.widgets.Display.readAndDispatch(Display.java:3626)
	at org.eclipse.e4.ui.internal.workbench.swt.PartRenderingEngine$5.run(PartRenderingEngine.java:1150)
	at org.eclipse.core.databinding.observable.Realm.runWithDefault(Realm.java:338)
	at org.eclipse.e4.ui.internal.workbench.swt.PartRenderingEngine.run(PartRenderingEngine.java:1041)
	at org.eclipse.e4.ui.internal.workbench.E4Workbench.createAndRunUI(E4Workbench.java:155)
	at org.eclipse.ui.internal.Workbench.lambda$3(Workbench.java:644)
	at org.eclipse.core.databinding.observable.Realm.runWithDefault(Realm.java:338)
	at org.eclipse.ui.internal.Workbench.createAndRunWorkbench(Workbench.java:551)
	at org.eclipse.ui.PlatformUI.createAndRunWorkbench(PlatformUI.java:156)
	at org.eclipse.ui.internal.ide.application.IDEApplication.start(IDEApplication.java:152)
	at org.eclipse.equinox.internal.app.EclipseAppHandle.run(EclipseAppHandle.java:203)
	at org.eclipse.core.runtime.internal.adaptor.EclipseAppLauncher.runApplication(EclipseAppLauncher.java:136)
	at org.eclipse.core.runtime.internal.adaptor.EclipseAppLauncher.start(EclipseAppLauncher.java:104)
	at org.eclipse.core.runtime.adaptor.EclipseStarter.run(EclipseStarter.java:401)
	at org.eclipse.core.runtime.adaptor.EclipseStarter.run(EclipseStarter.java:255)
	at java.base/jdk.internal.reflect.DirectMethodHandleAccessor.invoke(DirectMethodHandleAccessor.java:103)
	at java.base/java.lang.reflect.Method.invoke(Method.java:580)
	at org.eclipse.equinox.launcher.Main.invokeFramework(Main.java:659)
	at org.eclipse.equinox.launcher.Main.basicRun(Main.java:596)
	at org.eclipse.equinox.launcher.Main.run(Main.java:1467)
	at org.eclipse.equinox.launcher.Main.main(Main.java:1440)
2025-03-17 13:36:38,633 [Worker-9: Importing Maven projects] INFO  o.e.m.c.i.l.LifecycleMappingFactory - Using org.maven.ide.eclipse.wtp.WarLifecycleMapping lifecycle mapping for MavenProject: com.my:shoeshpere:0.0.1-SNAPSHOT @ E:\dwit\appdev\pjworkspace\project\pom.xml.
2025-03-17 13:36:38,826 [Worker-9: Importing Maven projects] INFO  o.e.m.c.i.e.AbstractTransferListenerAdapter - Downloading https://repo.maven.apache.org/maven2/org/glassfish/javax.el/3.0.0/javax.el-3.0.0.pom
2025-03-17 13:36:38,839 [Worker-9: Importing Maven projects] INFO  o.e.m.c.i.e.AbstractTransferListenerAdapter - Downloaded https://repo.maven.apache.org/maven2/org/glassfish/javax.el/3.0.0/javax.el-3.0.0.pom
2025-03-17 13:36:39,064 [Worker-9: Importing Maven projects] INFO  o.e.m.c.i.e.AbstractTransferListenerAdapter - Downloading https://repo.maven.apache.org/maven2/org/glassfish/javax.el/3.0.0/javax.el-3.0.0.jar
2025-03-17 13:36:39,102 [Worker-9: Importing Maven projects] INFO  o.e.m.c.i.e.AbstractTransferListenerAdapter - Downloaded https://repo.maven.apache.org/maven2/org/glassfish/javax.el/3.0.0/javax.el-3.0.0.jar
2025-03-17 13:36:42,605 [Worker-11: Download sources and javadoc] INFO  o.e.m.c.i.e.AbstractTransferListenerAdapter - Downloading https://repo.maven.apache.org/maven2/org/glassfish/javax.el/3.0.0/javax.el-3.0.0-sources.jar
2025-03-17 13:36:42,648 [Worker-11: Download sources and javadoc] INFO  o.e.m.c.i.e.AbstractTransferListenerAdapter - Downloaded https://repo.maven.apache.org/maven2/org/glassfish/javax.el/3.0.0/javax.el-3.0.0-sources.jar
2025-03-17 13:36:42,652 [Worker-11: Download sources and javadoc] INFO  o.e.m.j.internal.DownloadSourcesJob - Downloaded sources for org.glassfish:javax.el:3.0.0
2025-03-17 13:36:49,314 [Worker-9: Importing Maven projects] INFO  o.e.m.j.i.AbstractJavaProjectConfigurator - Adding source folder /project/src/main/java
2025-03-17 13:36:49,314 [Worker-9: Importing Maven projects] INFO  o.e.m.j.i.AbstractJavaProjectConfigurator - Adding resource folder /project/src/main/resources
2025-03-17 13:36:49,315 [Worker-9: Importing Maven projects] INFO  o.e.m.j.i.AbstractJavaProjectConfigurator - Adding source folder /project/src/test/java
2025-03-17 13:36:49,315 [Worker-9: Importing Maven projects] INFO  o.e.m.j.i.AbstractJavaProjectConfigurator - Adding resource folder /project/src/test/resources
2025-03-17 13:36:52,438 [Worker-9: Importing Maven projects] INFO  o.e.m.c.i.p.ProjectConfigurationManager - Imported and configured 1 project(s) in 18 sec
2025-03-17 13:36:53,462 [Worker-9: Building] WARN  o.e.m.c.i.embedder.EclipseLogger - Using platform encoding (UTF-8 actually) to copy filtered resources, i.e. build is platform dependent!
2025-03-17 13:36:53,476 [Worker-9: Building] INFO  o.e.m.c.i.embedder.EclipseLogger - Copying 2 resources
2025-03-17 13:36:53,482 [Worker-9: Building] WARN  o.e.m.c.i.embedder.EclipseLogger - Using platform encoding (UTF-8 actually) to copy filtered resources, i.e. build is platform dependent!
2025-03-17 13:36:53,489 [Worker-9: Building] INFO  o.e.m.c.i.embedder.EclipseLogger - Copying 0 resource
2025-03-17 13:37:08,785 [Worker-4: Building] WARN  o.e.m.c.i.embedder.EclipseLogger - Using platform encoding (UTF-8 actually) to copy filtered resources, i.e. build is platform dependent!
2025-03-17 13:37:08,803 [Worker-4: Building] INFO  o.e.m.c.i.embedder.EclipseLogger - Copying 2 resources
2025-03-17 13:37:08,818 [Worker-4: Building] WARN  o.e.m.c.i.embedder.EclipseLogger - Using platform encoding (UTF-8 actually) to copy filtered resources, i.e. build is platform dependent!
2025-03-17 13:37:08,826 [Worker-4: Building] INFO  o.e.m.c.i.embedder.EclipseLogger - Copying 0 resource
2025-03-17 13:37:42,993 [Worker-2: Building] WARN  o.e.m.c.i.embedder.EclipseLogger - Using platform encoding (UTF-8 actually) to copy filtered resources, i.e. build is platform dependent!
2025-03-17 13:37:43,003 [Worker-2: Building] INFO  o.e.m.c.i.embedder.EclipseLogger - Copying 0 resource
2025-03-17 13:37:43,004 [Worker-2: Building] WARN  o.e.m.c.i.embedder.EclipseLogger - Using platform encoding (UTF-8 actually) to copy filtered resources, i.e. build is platform dependent!
2025-03-17 13:37:43,013 [Worker-2: Building] INFO  o.e.m.c.i.embedder.EclipseLogger - Copying 0 resource
2025-03-17 13:37:45,665 [Worker-0: Building] WARN  o.e.m.c.i.embedder.EclipseLogger - Using platform encoding (UTF-8 actually) to copy filtered resources, i.e. build is platform dependent!
2025-03-17 13:37:45,679 [Worker-0: Building] INFO  o.e.m.c.i.embedder.EclipseLogger - Copying 0 resource
2025-03-17 13:37:45,681 [Worker-0: Building] WARN  o.e.m.c.i.embedder.EclipseLogger - Using platform encoding (UTF-8 actually) to copy filtered resources, i.e. build is platform dependent!
2025-03-17 13:37:45,692 [Worker-0: Building] INFO  o.e.m.c.i.embedder.EclipseLogger - Copying 0 resource
2025-03-17 13:37:49,823 [Worker-5: Building] WARN  o.e.m.c.i.embedder.EclipseLogger - Using platform encoding (UTF-8 actually) to copy filtered resources, i.e. build is platform dependent!
2025-03-17 13:37:49,833 [Worker-5: Building] INFO  o.e.m.c.i.embedder.EclipseLogger - Copying 0 resource
2025-03-17 13:37:49,835 [Worker-5: Building] WARN  o.e.m.c.i.embedder.EclipseLogger - Using platform encoding (UTF-8 actually) to copy filtered resources, i.e. build is platform dependent!
2025-03-17 13:37:49,842 [Worker-5: Building] INFO  o.e.m.c.i.embedder.EclipseLogger - Copying 0 resource
2025-03-17 13:38:04,941 [Worker-3: Building] WARN  o.e.m.c.i.embedder.EclipseLogger - Using platform encoding (UTF-8 actually) to copy filtered resources, i.e. build is platform dependent!
2025-03-17 13:38:04,953 [Worker-3: Building] INFO  o.e.m.c.i.embedder.EclipseLogger - Copying 0 resource
2025-03-17 13:38:04,955 [Worker-3: Building] WARN  o.e.m.c.i.embedder.EclipseLogger - Using platform encoding (UTF-8 actually) to copy filtered resources, i.e. build is platform dependent!
2025-03-17 13:38:04,965 [Worker-3: Building] INFO  o.e.m.c.i.embedder.EclipseLogger - Copying 0 resource
2025-03-17 13:38:32,744 [Worker-0: Building] WARN  o.e.m.c.i.embedder.EclipseLogger - Using platform encoding (UTF-8 actually) to copy filtered resources, i.e. build is platform dependent!
2025-03-17 13:38:32,756 [Worker-0: Building] INFO  o.e.m.c.i.embedder.EclipseLogger - Copying 0 resource
2025-03-17 13:38:32,757 [Worker-0: Building] WARN  o.e.m.c.i.embedder.EclipseLogger - Using platform encoding (UTF-8 actually) to copy filtered resources, i.e. build is platform dependent!
2025-03-17 13:38:32,764 [Worker-0: Building] INFO  o.e.m.c.i.embedder.EclipseLogger - Copying 0 resource
2025-03-17 13:39:31,670 [Worker-3: Importing Maven projects] INFO  o.e.m.c.i.l.LifecycleMappingFactory - Using org.maven.ide.eclipse.wtp.WarLifecycleMapping lifecycle mapping for MavenProject: com.my:test:0.0.1-SNAPSHOT @ E:\dwit\appdev\pjworkspace\test\pom.xml.
2025-03-17 13:39:32,054 [Worker-3: Importing Maven projects] INFO  o.e.m.j.i.AbstractJavaProjectConfigurator - Adding source folder /test/src/main/java
2025-03-17 13:39:32,054 [Worker-3: Importing Maven projects] INFO  o.e.m.j.i.AbstractJavaProjectConfigurator - Adding resource folder /test/src/main/resources
2025-03-17 13:39:32,055 [Worker-3: Importing Maven projects] INFO  o.e.m.j.i.AbstractJavaProjectConfigurator - Adding source folder /test/src/test/java
2025-03-17 13:39:32,055 [Worker-3: Importing Maven projects] INFO  o.e.m.j.i.AbstractJavaProjectConfigurator - Adding resource folder /test/src/test/resources
2025-03-17 13:39:32,831 [Worker-3: Importing Maven projects] INFO  o.e.m.c.i.p.ProjectConfigurationManager - Imported and configured 1 project(s) in 1 sec
2025-03-17 13:39:33,630 [Worker-10: Building] WARN  o.e.m.c.i.embedder.EclipseLogger - Using platform encoding (UTF-8 actually) to copy filtered resources, i.e. build is platform dependent!
2025-03-17 13:39:33,643 [Worker-10: Building] INFO  o.e.m.c.i.embedder.EclipseLogger - Copying 0 resource
2025-03-17 13:39:33,645 [Worker-10: Building] WARN  o.e.m.c.i.embedder.EclipseLogger - Using platform encoding (UTF-8 actually) to copy filtered resources, i.e. build is platform dependent!
2025-03-17 13:39:33,656 [Worker-10: Building] INFO  o.e.m.c.i.embedder.EclipseLogger - Copying 0 resource
